Sequence,aaindex,ACR1_MB,ACR1_MO,ACR1_GE
AAQRRGRVGRNPNQVGD,GEIM800105,0.115,0.119,0.815
HRILARIRQMMT,GEIM800105,0.021,0.023,0.848
RNPSQVGD,GEIM800105,0.104,0.085,0.813
RVGRNPNQVGD,GEIM800105,0.15,0.11,0.827
AAQRRGRIGRNPSQVGD,GEIM800105,0.055,0.086,0.81
ACWAAGIKQEF,GEIM800105,-0.173,-0.297,1.22
ACWGAGIKQEF,GEIM800105,-0.177,-0.304,1.224
ACWWAGIKAEF,GEIM800105,-0.034,-0.058,1.005
ACWWAGIKQAF,GEIM800105,-0.126,-0.333,1.222
ACWWAGIRQEF,GEIM800105,-0.109,-0.19,1.119
TAYALLKLAGRW,GEIM800105,-0.256,-0.644,1.528
TAYFLAKLAGRW,GEIM800105,-0.046,-0.116,1.05
TAYFLLKAAGRW,GEIM800105,0.042,0.099,0.852
TAYFLLKLAGRA,GEIM800105,-0.078,-0.22,1.104
TAYFLLKLAGRL,GEIM800105,-0.067,-0.247,1.187
RGRRGIYR,GEIM800105,0.193,0.247,0.77
RIGRNPSQVGD,GEIM800105,0.055,0.062,0.831
AGAVVNDL,GEIM800105,0.306,0.175,0.828
AAGAVVNDL,GEIM800105,0.318,0.199,0.806
EQVLKAVTNVLSPVFPGGET,GEIM800105,-0.18,-0.157,1.083
SNNTIAIPTNFSISITTEVM,GEIM800105,-0.362,-0.381,1.352
AAWWAGIKQEF,GEIM800105,-0.168,-0.351,1.261
FKLPLGINITNFRAILTAFS,GEIM800105,-0.31,-0.589,1.551
LMRIRQMMT,GEIM800105,-0.013,-0.048,0.952
CPFVKTQLC,GEIM800105,-0.159,-0.495,1.398
VLYNSTFFSTFKCYGVSATK,GEIM800105,-0.026,-0.305,1.166
GIGVTQNVLYENQKQIANQF,GEIM800105,-0.067,-0.07,1.059
PALNCYWPLNDYGFYTTSGI,GEIM800105,0.053,0.037,0.916
AAHLIDALYAEFLGGRVLTT,GEIM800105,0.091,0.104,0.874
GLASTLTRWAHYNALIRAF,GEIM800105,-0.1,-0.221,1.192
ATGQETAYFLLKLAGKA,GEIM800105,-0.136,-0.264,1.213
ACWWAGIKQEA,GEIM800105,0.01,0.014,0.947
KQRQNKPPSKPNNDFHF,GEIM800105,0.323,0.038,0.885
NQIIEQLIKKEKVY,GEIM800105,0.237,0.181,0.727
QKEGLHYTCSSHFPYSQYQF,GEIM800105,0.008,-0.027,1.019
KPPSKPNNDFHFEVFNFVP,GEIM800105,-0.037,-0.099,1.087
IKKTYEEIKKTYEEIKKTYEEIKKTYEEIKKTYEE,GEIM800105,-0.103,-0.095,1.054
LFYLVPGPGH,GEIM800105,0.149,0.112,0.846
YQLLIRPIYKNI,GEIM800105,-0.016,-0.113,1.01
FIHFRIGCQHSRIGI,GEIM800105,-0.106,-0.468,1.385
LSELDDRADALQAGASQFETSAAKLKRKYWWKN,GEIM800105,0.057,-0.046,1.007
RRGRVGRNPNQVGD,GEIM800105,0.112,0.103,0.83
TAAFLLKLAGRW,GEIM800105,-0.046,-0.172,1.033
KQRQNKPPSKPNNDFHFEVFN,GEIM800105,0.062,-0.138,1.108
HFPRIWLHSLGQHIY,GEIM800105,0.017,-0.006,0.834
TASFLLKLAGRW,GEIM800105,-0.053,-0.239,1.101
CSICSNNPTCWAICKRIPNKKPGKK,GEIM800105,0.278,0.398,0.579
VPCSICSNNPTCWAICKRIPNKKPGKK,GEIM800105,0.163,0.198,0.705
YQALIRMIYKNI,GEIM800105,-0.018,-0.072,0.964
FGGASCCLYCRCHIDHPNPKGFCDLKGKY,GEIM800105,0.086,0.115,0.835
GGASCCLYCRCH,GEIM800105,0.275,0.215,0.67
RRGRIGRNPSQVGD,GEIM800105,0.038,0.054,0.837
HRILMRARQMMT,GEIM800105,-0.009,-0.035,0.876
TYGDTWAGVEAIIRI,GEIM800105,-0.149,-0.173,1.135
AEAASQVTNTATIM,GEIM800105,0.111,0.118,0.869
VRLGSISVIGIVRGKK,GEIM800105,0.359,0.119,0.75
RSQKEGLHYTCSSHFPYSQYQFWK,GEIM800105,0.007,-0.035,1.015
AEASQVTNTATIM,GEIM800105,0.087,0.086,0.895
HRILMRIRQMAT,GEIM800105,0.024,0.032,0.84
YQLLIRMI,GEIM800105,0.017,-0.328,1.075
ESELVSQIIEQLIKK,GEIM800105,-0.043,-0.041,0.945
IKKEKVYLAWVPAHKGIGN,GEIM800105,0.231,0.206,0.738
IQAQPDQSESELVNQIIEQL,GEIM800105,-0.155,-0.176,1.128
TAYFLLKLAARW,GEIM800105,-0.047,-0.149,1.088
KAAKKAAKAAKKAAKWAKKAA,GEIM800105,0.296,-0.049,1.043
IKKTYEEIKKTYEEIKKTYEEIKKTYEEIERDWEMV,GEIM800105,-0.237,-0.197,1.128
TAYFALKLAGRW,GEIM800105,-0.144,-0.357,1.27
TAYFLLALAGRW,GEIM800105,-0.07,-0.242,1.175
AEAMSQVANTATIM,GEIM800105,0.025,0.021,0.965
PDAVYLHRIDLGPPISLERLDVGTNLGNAIAKLED,GEIM800105,-0.078,-0.097,1.063
DAVYLHRIDLGPPISLERLDVGTNLQNAIAKLEDA,GEIM800105,-0.094,-0.109,1.076
AVYLHRIDLGPPISLERLDVGTNLQNAIAKLEDAK,GEIM800105,-0.113,-0.13,1.12
YTPNDITLNNSVALDPIDISIELNKAKSDLEESKE,GEIM800105,0.004,-0.095,1.031
TPNDITLNNSVALDPIDISIELNKAKSDLEESKEW,GEIM800105,-0.052,-0.187,1.155
PNDITLNNSVALDPIDISIELNKAKSDLEESKEWI,GEIM800105,-0.019,-0.136,1.103
NDITLNNSVALDPIDISIELNKAKSDLEESKEWIR,GEIM800105,-0.046,-0.131,1.111
DITLNNSVALDPIDISIELNKAKSDLEESKEWIRR,GEIM800105,-0.107,-0.166,1.136
NFYDPLVFPSDEFDASISQVNEKINQSLAFIRKSD,GEIM800105,0.004,-0.005,0.959
IEEINKKVEEIQKKIEELNKKAEELNKKLEELQKK,GEIM800105,0.055,-0.261,1.217
KWLDAFYKDVAKELEKAF,GEIM800105,-0.158,-0.222,1.191
KAFEEVLAKKFYDKALWD,GEIM800105,-0.109,-0.145,1.09
NKPFVFLM,GEIM800105,0.43,0.42,0.498
AAAMSQVTN,GEIM800105,0.212,0.251,0.662
AAYFLLKLAGRW,GEIM800105,0.014,0.016,0.907
AEAIPMSIPPEVKFNKPFVF,GEIM800105,-0.025,-0.038,1.021
LAAIPMSIPPEVKFNKPFVF,GEIM800105,-0.127,-0.126,1.108
LEAIPMSIPPEVKFNKPAVF,GEIM800105,-0.191,-0.193,1.168
LEAIPMSIPPEVKFNKPFAF,GEIM800105,-0.265,-0.362,1.319
LEAIPMSIPPEVKFNKPFVA,GEIM800105,-0.24,-0.229,1.207
INFYDPLVFPSDEFDASISQVNEKINQSLAFIRKS,GEIM800105,-0.03,-0.034,1.016
IINFYDPLVFPSDEFDASISQVNEKINQSLAFIRK,GEIM800105,0.006,0.003,0.978
YLHRIDLGPPISLERLDVGTNLGNAIAKLEDAKEL,GEIM800105,-0.144,-0.232,1.176
ACWWAAIKQEF,GEIM800105,-0.201,-0.308,1.232
HRILMRIRQMMA,GEIM800105,0.088,0.255,0.648
GWWYKGRARAVSAVA,GEIM800105,-0.269,-0.407,1.341
VYLHRIDLGPPISLERLDVGTNLQNAIAKLEDAKE,GEIM800105,-0.047,-0.077,0.977
RMIYKNILFYLVPGPGHGAEPERRNIKYL,GEIM800105,0.092,0.096,0.904
FHFEVFNFVPCSICSNNPTCWAICKRIPNKKPGKK,GEIM800105,-0.002,-0.003,0.994
LPRRLHLEPAFLPYSVKAHEC,GEIM800105,-0.067,-0.102,1.058
YLQELLGE,GEIM800105,0.047,0.029,0.669
ILMAFSIDSPDSLEN,GEIM800105,0.073,-0.015,0.898
TLNNSVALDPIDISIELNKAKSDLEESKEWIRRSN,GEIM800105,-0.085,-0.173,1.138
ILMCFSINSPNSLQN,GEIM800105,-0.028,-0.042,0.895
YQLLIRAIYKNI,GEIM800105,0.0,-0.106,1.002
INLKAIAALAKKLL,GEIM800105,-0.191,-0.48,1.32
AETVESCLAKPHTEN,GEIM800105,-0.017,-0.072,1.035
GIFDKLAKEISIW,GEIM800105,0.029,0.033,0.952
GLWEKIDKFASII,GEIM800105,-0.058,-0.077,1.011
KRIVQRIKDFLR,GEIM800105,0.198,0.156,0.823
ITLNNSVALDPIDISIELNKAKSDLEESKEWIRRS,GEIM800105,-0.057,-0.118,1.089
ACWWAGIAQEF,GEIM800105,-0.193,-0.303,1.227
YQDVNCTDVSTAIHADQLTP,GEIM800105,-0.604,-0.472,1.398
FRPALIVRTKGTRL,GEIM800105,0.22,0.279,0.737
PTTFMLKYDENGTITDAVDC,GEIM800105,-0.169,-0.14,1.1
ATHTICDRNHTW,GEIM800105,-0.073,-0.09,1.047
RLFDKIRQVIRKF,GEIM800105,0.156,0.126,0.878
HRILMRIRQAMT,GEIM800105,0.034,0.058,0.816
ARILMRIRQMMT,GEIM800105,0.029,0.034,0.848
HRILMRIRQMMT,GEIM800105,0.027,0.033,0.832
HRIAMRIRQMMT,GEIM800105,-0.024,-0.069,0.942
VDKPDYRPRPRPPNM,GEIM800105,-0.071,-0.276,1.053
WEDAVRWI,GEIM800105,0.328,0.231,0.745
WEDWVRAI,GEIM800105,0.214,0.153,0.813
GAWYKGRARPVSAVA,GEIM800105,-0.316,-0.386,1.332
RPRLSHKGPMPF,GEIM800105,0.082,-0.065,0.914
DFRRLPGAFWQLRQP,GEIM800105,-0.045,-0.112,0.845
CSIELSDIPLSVDFNTMID,GEIM800105,-0.721,-0.604,1.496
TDVILMAFSIDSPDSLENI,GEIM800105,-0.144,-0.144,1.09
TDVILMCFSI,GEIM800105,-0.192,-0.436,1.371
TDVILMCFSIDSP,GEIM800105,-0.315,-0.343,1.271
CFSIDSPDSLENI,GEIM800105,-0.001,-0.073,0.957
ILMCFSIDS,GEIM800105,-0.179,-0.335,1.24
ILMCFSID,GEIM800105,-0.169,-0.376,0.985
AEPERRNIKYL,GEIM800105,0.102,-0.013,0.986
KGRGKQGGKVRAKAKTRSS,GEIM800105,0.011,0.014,0.968
GRFKRFRKKFKKLFK,GEIM800105,-0.04,-0.184,1.125
ILGPVLGLVSDTLDDVLGIL,GEIM800105,-0.07,-0.103,1.083
CNDFRSKTC,GEIM800105,0.03,0.038,0.835
GLKKLLGKLLKKLGKLLLK,GEIM800105,-0.013,-0.095,1.051
GNNRPVYIPQPRPPHPRI,GEIM800105,0.322,0.329,0.645
AKKAAKKAKKAAKKAKKWAKK,GEIM800105,0.282,-0.072,1.065
ACGWAGIKQEF,GEIM800105,-0.306,-0.518,1.419
GKPRPYSPRPTSHPRPIRV,GEIM800105,-0.081,-0.121,0.942
YQLLARMIYKNI,GEIM800105,-0.056,-0.095,0.964
AVASVPRARGKYWWG,GEIM800105,-0.293,-0.419,1.354
HRILMRIR,GEIM800105,0.062,-0.02,0.861
ECRSTSYAGAVVNDL,GEIM800105,0.012,-0.016,0.933
ALNCYWPLNDYGFYTTTGIGYQPYRVVVLSFEL,GEIM800105,0.235,0.084,0.904
TRSSRAGLQFPVGRVHRLLRK,GEIM800105,-0.186,-0.427,1.368
AKKAAKKAKKAAKKAKKAAKK,GEIM800105,0.352,-0.125,1.069
KRIVQRIKDFLRNLVPRTES,GEIM800105,-0.044,-0.063,1.048
YQLLIRMIAKNI,GEIM800105,-0.079,-0.125,0.972
RQRVEELSKFSKKGAAARRRK,GEIM800105,-0.002,-0.059,1.046
ALQELLGQWLKDGGPSSGRPPPS,GEIM800105,0.073,0.011,0.97
GIGKFLHSAGKFGKAFVGEIMKS,GEIM800105,-0.094,-0.164,1.153
INNYTSLIGSLIEESQNQQEKNEQELLE,GEIM800105,0.124,0.029,0.906
RPKHPIKHQGLPQEVLNENLLRF,GEIM800105,0.035,-0.055,1.031
VLDLIYSLHKQINRGLKKIVL,GEIM800105,0.139,0.109,0.809
RQMRAWGQDYQHGGMGYSC,GEIM800105,-0.136,-0.266,1.201
ILMCFSIDSP,GEIM800105,-0.173,-0.284,1.13
GLNTLKKVFQGLHEAIKLINNHVQ,GEIM800105,-0.021,-0.023,1.021
LLGDLLRKSKEKIGKEFKRIVQR,GEIM800105,0.139,0.179,0.823
IWLTALKFLGKHAAKHLAKQQLSKL,GEIM800105,0.075,0.221,0.685
PTSNHSPTSCPPTCPGYRWMCLRRF,GEIM800105,-0.051,-0.115,1.073
ALDKAEESNSKADKVNVKLT,GEIM800105,-0.106,-0.221,1.183
YQLLIRMAYKNI,GEIM800105,-0.132,-0.2,1.06
SPAIFQSSMTKILEPFRKQN,GEIM800105,-0.027,-0.059,0.981
RTGRGRRGIYR,GEIM800105,0.122,0.127,0.877
HRALMRIRQMMT,GEIM800105,-0.045,-0.156,0.987
HRILMRIRAMMT,GEIM800105,0.05,0.12,0.771
GAWKNFWSSLRKGFYDGEAGRAIRR,GEIM800105,-0.004,-0.033,1.029
YQLLIAMIYKNI,GEIM800105,-0.023,-0.091,0.985
KKKKYRNIRRPG,GEIM800105,-0.091,-0.189,1.159
AALYKKKIIKKLLES,GEIM800105,-0.011,-0.02,1.0
NLVSGLIEARKYLEQLHRKLKNRKV,GEIM800105,-0.101,-0.108,0.975
ACAWAGIKQEF,GEIM800105,-0.363,-0.601,1.496
QQLLFIHFRIGCQHS,GEIM800105,-0.054,-0.383,1.352
SWKSMAKKLKEYMEKLKQRA,GEIM800105,-0.037,-0.252,1.223
GLRSKIWLWVLLMIWQESNKFKKM,GEIM800105,0.099,0.151,0.841
PLVFPSDEFDASISQVNEKINQSLAFIRKSDELLH,GEIM800105,0.089,0.067,0.924
PLSPPLRNTHPQAMQWNSTTF,GEIM800105,-0.033,-0.13,1.075
AGERIVDIIA,GEIM800105,-0.198,-0.153,1.102
YGAVVNDL,GEIM800105,0.229,0.109,0.859
GWLKKIESIIDAF,GEIM800105,-0.181,-0.228,1.193
STSYAGAVVNDL,GEIM800105,0.152,0.081,0.925
ILPWKWPWWPWRR,GEIM800105,-0.188,-0.522,1.385
YTSLIHSLIEESQNQQEKNEQELLELDKWASLANAA,GEIM800105,0.15,0.026,0.918
CSSHFPYSQYQFWK,GEIM800105,-0.118,-0.432,1.308
KNGRKLCLDLQAALY,GEIM800105,0.075,0.092,0.772
RTQRRGRTGRGKPGIYR,GEIM800105,0.134,0.372,0.65
WICEVLSDFK,GEIM800105,-0.455,-0.404,1.336
CEVLSDFK,GEIM800105,-0.817,-0.577,1.449
SWLRDIWDWICEV,GEIM800105,-0.514,-0.429,1.284
SWLRDIWDWICE,GEIM800105,-0.246,-0.254,1.112
SWLRDIWDWI,GEIM800105,-0.235,-0.29,1.206
SWLRDIWD,GEIM800105,-0.263,-0.299,1.087
LRDIWDWICEVLSDFK,GEIM800105,-0.47,-0.393,1.357
DIWDWICEVLSDFK,GEIM800105,-0.531,-0.391,1.287
WDWICEVLSDFK,GEIM800105,-0.526,-0.413,1.359
ALQELLGEYIQWLKDGGPSSGRPPPS,GEIM800105,0.049,0.019,0.971
IEESQNQQEKNEQELLELDKWASLWNWFNITNWLWL,GEIM800105,-0.031,-0.173,1.13
VSTALPQWRIYSYAGDNI,GEIM800105,0.117,0.112,0.768
ALPQWRIYSYAGDNIVTA,GEIM800105,0.311,0.273,0.704
AGALMFAWLLLGLQGIFN,GEIM800105,-0.068,-0.205,1.015
MASAGMQILGVVLTLLGW,GEIM800105,0.331,0.391,0.601
MANSGLQLLGFSMALLGW,GEIM800105,0.042,0.154,0.793
MASTGLELLGMTLAVLGW,GEIM800105,-0.124,-0.222,1.185
KPNNDFHFEVFNFVPCSICSNNPTCWAICKRI,GEIM800105,0.065,0.059,0.923
ARRAKRRARRAKRRARRKKRR,GEIM800105,0.016,-0.149,1.087
STQRRGRTGRGRRGIYR,GEIM800105,0.083,0.118,0.887
LEAIAMSIPPEVKFNKPFVF,GEIM800105,-0.107,-0.103,1.085
LEAIPMSAPPEVKFNKPFVF,GEIM800105,-0.055,-0.086,1.064
ACFPWGKEYCGGK,GEIM800105,-0.085,-0.117,1.073
YAGAVVNDLL,GEIM800105,0.149,0.091,0.868
ATCYCRTGRCATRESRSGVCEISGRLYRLCCR,GEIM800105,0.069,-0.089,1.062
GWIGAIVSTALPQWRIYS,GEIM800105,0.194,0.06,0.921
GICRCICGRGICRCICGRIGGRVPGVGVPGVGHHHHHH,GEIM800105,0.086,-0.023,0.999
TAYFLLKLAGRW,GEIM800105,-0.065,-0.241,1.174
GIIDIAKKLFESW,GEIM800105,-0.299,-0.375,1.328
FYDPLVFPSDEFDASISQVNEKINQSLAFIRKSDE,GEIM800105,0.102,0.074,0.894
RRLHLEPAFLPYSVKAHECC,GEIM800105,0.0,-0.004,0.974
RRRRRRRRHPAEPGSTVTTQNTASQTMS,GEIM800105,0.198,0.381,0.631
LLDCWVRLGRYLLRRLKTPFT,GEIM800105,-0.025,-0.204,1.187
LDCWVRLGRYLLRRLKTPFTRL,GEIM800105,-0.023,-0.212,1.202
VRLGRYLLRRLKTPFTRL,GEIM800105,-0.001,-0.212,0.992
DWLKAFYDKVAEKLKEAF,GEIM800105,-0.042,-0.099,1.032
QRPRLSHKGPMPF,GEIM800105,0.076,-0.01,0.886
YKFACPECPKRFMRSDHLSKHITLHELLGEERR,GEIM800105,0.028,-0.035,0.975
VFPSDEFDASISQVNEKINQSLAFIRKSDELLHNV,GEIM800105,0.024,-0.008,0.888
GSRVQIRCRFRNSTR,GEIM800105,0.049,-0.136,1.103
TDVILMCFSIDSPDSLEAI,GEIM800105,-0.163,-0.143,1.098
ARRAWRRARRAARRARRAARR,GEIM800105,-0.007,-0.179,1.122
FKPSSPPSITLW,GEIM800105,0.163,0.433,0.554
LEAIPMSIPPEVKFAKPFVF,GEIM800105,-0.112,-0.108,1.091
FLQDSKAELEKARKILSEVG,GEIM800105,-0.17,-0.261,1.231
VILMCFSIDSPDSLENI,GEIM800105,0.12,0.109,0.764
FLFPLITSFLSKVL,GEIM800105,0.055,-0.277,1.255
LEAIPMSIAPEVKFNKPFVF,GEIM800105,-0.109,-0.105,1.087
ILPWKWPWWPWPP,GEIM800105,-0.177,-0.383,1.208
TDVILMCFSIDSADSLENI,GEIM800105,-0.152,-0.129,1.085
LLDCWVRLGRYLLRRLKTPFTRL,GEIM800105,-0.017,-0.211,1.202
SMEKLAGFGAVGAGATAEETRRMLHRAFDTLA,GEIM800105,-0.04,-0.148,1.136
LEAIPMSIPPEVKFNKPFVF,GEIM800105,-0.111,-0.107,1.089
YQLAIRMIYKNI,GEIM800105,-0.11,-0.189,1.072
QYGSFCTQLNRALSGIAAEQ,GEIM800105,0.03,0.052,0.951
SWLRDIWDWISEVLSDFK,GEIM800105,-0.37,-0.36,1.33
ATCYCRRGRCATRESLSGVCEISGRLYRLCCR,GEIM800105,0.074,-0.069,1.042
ISLERLDVGTNLGNAIAKLEDAKELLESSDQILRS,GEIM800105,-0.099,-0.185,1.151
EFDASISQVNEKINQSLAFIRKSDELLHNVNAGKS,GEIM800105,-0.113,-0.154,1.118
ACFPWGNTWCGGK,GEIM800105,-0.069,-0.139,1.071
SWLRDIWDWIEEVLSDFK,GEIM800105,-0.307,-0.261,1.24
ARRAKRRARRAARRARRKARR,GEIM800105,0.019,-0.137,1.079
LEAIPASIPPEVKFNKPFVF,GEIM800105,-0.106,-0.104,1.086
LEAIPMSIPPEVKFNKAFVF,GEIM800105,-0.111,-0.107,1.089
SWLRDIWDWIREVLSDFK,GEIM800105,-0.369,-0.358,1.328
AFLGWIGAIVSTALPQWR,GEIM800105,0.068,-0.008,0.965
ILMCFSIDSPDSL,GEIM800105,-0.042,-0.053,0.988
SLERLDVGTNLGNAIAKLEDAKELLESSDQILRSM,GEIM800105,-0.106,-0.22,1.21
RRLQVGGGTLKFFLT,GEIM800105,0.003,-0.233,1.199
WVRLGRYLLRRLKTPFTR,GEIM800105,0.062,-0.163,1.148
NADIIKSLIRKTIINASKNTASLSILQHLYVLRS,GEIM800105,0.173,0.207,0.757
KPPSKPNNDFHFEVFNFVPCSICSNNPTCWAICKRI,GEIM800105,0.082,0.077,0.904
WQCLTLTHRGFVLLTITVLR,GEIM800105,0.336,0.021,0.969
WNSLKIDNLDV,GEIM800105,-0.555,-0.479,1.244
RGGRLCYCRRRFCVCVGR,GEIM800105,0.565,0.384,0.615
GLFDIIKKIAESW,GEIM800105,-0.165,-0.208,1.174
ATCYCRTGRCATRESLSGVCEIRGRLYRLCCR,GEIM800105,0.071,-0.094,1.066
ATCYCRTGRCATRESLSGVCEISGRLYRLCCR,GEIM800105,0.072,-0.094,1.066
TDVALMCFSIDSPDSLENI,GEIM800105,-0.37,-0.343,1.278
GIWSDLAEIIKKF,GEIM800105,-0.066,-0.086,1.061
SWLRDIWDWICEVL,GEIM800105,-0.419,-0.407,1.378
LPRRLHLEPAFLPYSVKAHECC,GEIM800105,-0.017,-0.028,0.993
TLKPIFKLPLGINITNFR,GEIM800105,-0.283,-0.478,1.432
LFRLIKSLIKRLVSAFK,GEIM800105,0.005,-0.204,1.145
LQDSGLEVNIVTDSQYALGI,GEIM800105,-0.406,-0.351,1.314
YQLLIRMIYANI,GEIM800105,0.016,-0.091,0.989
YQLLIRMIYKNA,GEIM800105,0.22,0.235,0.657
LEAIPMSIPPAVKFNKPFVF,GEIM800105,-0.042,-0.043,1.029
LEAIPMSIPPEVKFNAPFVF,GEIM800105,-0.103,-0.1,1.083
SKEKIGKEFKRIVQRIKDFLR,GEIM800105,0.148,0.17,0.837
GWFDIIKKIASEL,GEIM800105,-0.312,-0.39,1.351
LEAIPMSIPPEAKFNKPFVF,GEIM800105,0.207,0.16,0.824
FLFAFRIFKRVFKKFRKLFKRAF,GEIM800105,0.017,-0.038,1.025
IPESSELTLQELLGEERR,GEIM800105,0.135,0.008,0.923
GFLDIIEKIAKSW,GEIM800105,-0.234,-0.294,1.254
GPPISLERLDVGTNLGNAIAKLEDAKELLESSDQI,GEIM800105,-0.112,-0.245,1.208
ALLGRMKG,GEIM800105,0.02,0.024,0.879
EELRVRLASHLRKLRKRLLRDADDLQKRLAVY,GEIM800105,0.231,0.26,0.66
CEEIRARLSTHLRKMRKRLMRDADDLQKRLAVY,GEIM800105,0.119,0.118,0.812
CEEQAQQIRLQAEAFQARLKSWFEPLVEDM,GEIM800105,0.131,0.085,0.887
CVRLASHLRKLRKRLLRDADDL,GEIM800105,0.254,0.34,0.632
CIRLQAEAFQARLKSWFEPLV,GEIM800105,0.195,0.272,0.574
LRVRLASHLRKLRKRLLRDADDLQKRLAVY,GEIM800105,0.172,0.234,0.725
EELRVRLASHLRKLRKRLLRDADDL,GEIM800105,0.239,0.254,0.694
VRLASHLRKLRKRLLRDADDLQKRLAVY,GEIM800105,0.174,0.221,0.64
CLRKLRKRLLRC,GEIM800105,0.032,0.057,0.716
ATSSANSKA,GEIM800105,0.06,0.005,0.956
LLDCWVRLGRYLLRRLKT,GEIM800105,0.006,-0.17,1.153
VALDPIDISIELNKAKSDLEESKEWIRR,GEIM800105,-0.162,-0.25,1.145
AEAMSQVTNTATIM,GEIM800105,0.106,0.113,0.873
TDVILMCFSIDSPDSLANI,GEIM800105,-0.195,-0.18,1.133
FKCRRWQWRMKKLGAPSITCVRRAFA,GEIM800105,0.138,0.247,0.73
HVTTTFAPPPPR,GEIM800105,0.301,0.37,0.629
YRWRGPTAAFLSLV,GEIM800105,0.04,0.036,0.687
RIILGQCIKREAEAAIEQIFRTKYNDSH,GEIM800105,0.081,0.088,0.905
FNVALDQVFESIENSQALVDQSNRILSSAE,GEIM800105,-0.238,-0.202,1.156
FNVALDQVFESIENSQALVDQSNRILSSAEKGN,GEIM800105,-0.171,-0.166,1.136
NVALDQVFESIENSQALVDQSNRILSSA,GEIM800105,-0.268,-0.227,1.189
QLLIRMIYKNILFYLVPGPGHGAEPERRNIKYL,GEIM800105,0.1,0.113,0.889
FILAFLGWIGAIVSTALP,GEIM800105,0.107,-0.01,0.945
FAIAIKAIKKAIKKIKKAIKKAI,GEIM800105,-0.272,-0.472,1.394
CFLNITNSHVSILQEAPPLENAV,GEIM800105,0.028,0.018,0.877
ATCYCRTGRCATRESLSGVCRISGRLYRLCCR,GEIM800105,0.189,0.026,0.94
DPLVFPSDEFDASISQVNEKINQSLAFIRKSDELL,GEIM800105,0.133,0.098,0.875
FPSDEFDASISQVNEKINQSLAFIRKSDELLHNVN,GEIM800105,-0.09,-0.132,1.104
DASISQVNEKINQSLAFIRKSDELLHNVNAGKSTT,GEIM800105,-0.043,-0.063,1.019
RWMVWRHWFHRLRLPYNPGKNKQNQQWP,GEIM800105,-0.059,-0.103,1.084
CTEEHIVATELVIQEMYIKINVKNSP,GEIM800105,-0.007,-0.008,0.988
YALLIRMIYKNI,GEIM800105,-0.094,-0.187,1.075
GKKYRRFRWKFKFGKWFWFG,GEIM800105,-0.039,-0.204,1.169
KRKRAVKRVGRRLKKKLARKIARLGVAF,GEIM800105,-0.253,-0.396,1.366
MANAGLQLLGFILAFL,GEIM800105,0.17,0.482,0.517
TDVILMCFSIDSPDSLENI,GEIM800105,-0.14,-0.119,1.075
RGILIHNTIFGEQVF,GEIM800105,0.174,0.143,0.863
GIKEWKRIVQRIKDFLRNLV,GEIM800105,0.061,0.049,0.858
ILMCFSIDSPDSLENI,GEIM800105,-0.02,-0.046,0.954
VFQFLGRIIHHVGNFVHGFSHVF,GEIM800105,-0.05,-0.167,1.094
FALALKALKKALKKLKKALKKAL,GEIM800105,-0.016,-0.466,1.344
KPPSKPNNDFHFEVFNF,GEIM800105,-0.008,-0.212,1.171
SGIVQQQNNLLRAIEAQQHLLQLTVWGIKQLQARIL,GEIM800105,0.115,0.154,0.849
IYWNVSGW,GEIM800105,-0.143,-0.397,1.329
ELVNQIIEQLIKKEKVYLAW,GEIM800105,0.022,0.006,0.932
TDVILMCFAIDSPDSLENI,GEIM800105,-0.211,-0.182,1.131
SWLRDIWDWICKVLSDFK,GEIM800105,-0.201,-0.243,1.215
CAGKRKSG,GEIM800105,-0.083,-0.455,1.091
AALEAKICHQIEYYFGDF,GEIM800105,-0.066,-0.068,1.045
TDAILMCFSIDSPDSLENI,GEIM800105,-0.062,-0.11,1.042
LGPPISLERLDVGTNLGNAIAKLEDAKELLESSDQ,GEIM800105,-0.116,-0.274,1.256
RAVWRHSVATPSHSV,GEIM800105,-0.178,-0.239,1.117
SLLGRMKG,GEIM800105,0.059,0.462,0.548
ILMCFSIDSPDS,GEIM800105,-0.051,-0.063,0.998
TDVILMCASIDSPDSLENI,GEIM800105,-0.215,-0.192,1.139
NNSVALDPIDISIELNKAKSDLEESKEWIRRSNQK,GEIM800105,-0.082,-0.194,1.173
YDPLVFPSDEFDASISQVNEKINQSLAFIRKSDEL,GEIM800105,0.062,0.025,0.94
PSDEFDASISQVNEKINQSLAFIRKSDELLHNVNA,GEIM800105,-0.053,-0.109,1.1
SDEFDASISQVNEKINQSLAFIRKSDELLHNVNAG,GEIM800105,-0.044,-0.103,1.098
ACFPWGNQWCGGK,GEIM800105,-0.024,-0.047,0.991
AWDFGSVGGLFTSLGKAVHQVFGSVYTIM,GEIM800105,0.051,-0.096,1.06
ALDKAEESNSKLDKVNVKLT,GEIM800105,-0.216,-0.28,1.241
PDIVIYQYMDDLYVGSDLEI,GEIM800105,0.394,0.233,0.752
ETWETWWTEYWQATWIPEWE,GEIM800105,-0.288,-0.259,1.128
YAGAVVNDL,GEIM800105,0.153,0.088,0.869
LNITNSHVSILQERPPLENRVL,GEIM800105,-0.031,-0.029,1.022
APKEWMEWDREINNYTSLIHSLIKQGI,GEIM800105,-0.144,-0.2,1.156
DLGPPISLERLDVGTNLGNAIAKLEDAKELLESSD,GEIM800105,-0.13,-0.273,1.218
KGSVVIVGRIILSGRK,GEIM800105,0.68,0.398,0.535
FAVGLRAIKRALKKLRRGVRKVAKDL,GEIM800105,-0.247,-0.319,1.3
TDVIAMCFSIDSPDSLENI,GEIM800105,-0.172,-0.152,1.103
TTWEAWDRAIAEYAARIEALIRALQELQEKLEAILREL,GEIM800105,-0.129,-0.211,1.188
DLSNQINSINKSLKSAEDWIADSNFFANQARTAK,GEIM800105,-0.002,-0.122,1.084
MANAGLQLLGFILAFLGWIGAIVS,GEIM800105,0.202,0.339,0.66
YDHIQDHVNTMFSRLATSWCLLQNKERALWAEAA,GEIM800105,-0.075,-0.113,1.062
SDHSESIQKKFQLMKEHVNKIGVDS,GEIM800105,-0.238,-0.267,1.252
LLDCWVRLGRYLLRRLK,GEIM800105,0.032,-0.135,1.088
SWLRDIWDWGCEVLSDFK,GEIM800105,-0.518,-0.503,1.465
SWLRDIWDWSCEVLSDFK,GEIM800105,-0.48,-0.469,1.433
SWLRDIWDWECEVLSDFK,GEIM800105,-0.643,-0.55,1.513
SWLRDIWDWKCEVLSDFK,GEIM800105,-0.545,-0.521,1.484
PRPISYLKGSSGGPL,GEIM800105,-0.017,-0.044,0.978
IFKAIWSGIKSLF,GEIM800105,-0.013,-0.168,1.078
AEAMSQVTN,GEIM800105,0.375,0.335,0.63
YQLLIRMIY,GEIM800105,0.207,-0.06,0.861
YQLLIRMIYKNI,GEIM800105,0.016,-0.098,0.994
IDLGPPISLERLDVGTNLGNAIAKLEDAKELLESS,GEIM800105,-0.172,-0.308,1.266
TDVILMCFSIDSPDSLENA,GEIM800105,-0.015,-0.025,1.001
KILEPFRKQNPDIVIYQYMD,GEIM800105,0.356,0.298,0.658
LEAIPMSIPPEVAFNKPFVF,GEIM800105,-0.122,-0.117,1.098
AEDWVRWI,GEIM800105,0.69,0.471,0.524
LEAIPMSIPPEVKANKPFVF,GEIM800105,0.005,-0.021,1.004
ILMCFSIDSPD,GEIM800105,-0.031,-0.035,0.842
ADGSLLGRMKGAAG,GEIM800105,0.194,0.39,0.623
GLRRLLGRLLRRLGRLLLR,GEIM800105,0.026,-0.143,1.027
TDVILMCFSIASPDSLENI,GEIM800105,-0.076,-0.068,1.027
LLGFILAFLGWIGAIVST,GEIM800105,0.157,0.018,0.976
TAYFLLILAGRW,GEIM800105,0.037,-0.145,1.109
GAKKGAKKGKKGAKKGAKGAGAKGAGAFKKKK,GEIM800105,0.194,-0.363,1.337
GYFVQDDGEWKFTGSSYYY,GEIM800105,0.442,0.354,0.624
SWRLIDWDWICEVLSDFK,GEIM800105,-0.457,-0.431,1.396
CLRVRLASHLRKLRKRLLRDADDL,GEIM800105,0.169,0.247,0.723
MANAGLQLLGFILAFLGWIGAI,GEIM800105,0.1,0.25,0.686
LDCWVRLGRYLLRRLKTP,GEIM800105,-0.034,-0.195,1.134
SWLRDIWDWACEVLSDFK,GEIM800105,-0.552,-0.525,1.487
HMNASDMEIKSYINMIESVEESSNYDF,GEIM800105,-0.261,-0.28,1.256
ITFEDLLDYYGP,GEIM800105,0.141,0.114,0.836
TDVILMCFSADSPDSLENI,GEIM800105,-0.005,-0.025,0.976
GQPEEGAPCQVVLQGA,GEIM800105,0.647,0.591,0.437
MAILGDTAWDFGSLGGVFTSIGKALHQVFGAIY,GEIM800105,-0.013,-0.042,0.997
ILMCFSIDSPDSLE,GEIM800105,-0.083,-0.1,0.939
QETAYFLLKLAGRWP,GEIM800105,-0.172,-0.317,1.259
CCFLRIQNDSIIRLGDLQPLSQRVSTDWQ,GEIM800105,0.122,0.146,0.842
LEAIPMSIPPEVAFAKPFVF,GEIM800105,-0.123,-0.118,1.101
RGGSVVIVGRIILSGRK,GEIM800105,0.63,0.417,0.554
KWKVFKKIEKMGRNIRNGIVKAGPAIAVLGEAKAL,GEIM800105,-0.03,-0.039,1.032
FKRIVQRIKDFLR,GEIM800105,0.156,0.126,0.878
KRKRAVKRVGRRLKKLARKIARLGVAKLAGLRAVKLF,GEIM800105,-0.26,-0.411,1.387
AVKRVGRRLKKLARKIARLGVAF,GEIM800105,-0.313,-0.469,1.425
SISNALNKLEESNRNLDKVNVKLT,GEIM800105,-0.246,-0.28,1.248
LESEVTAIKNALKKTNEAVSTLGNGVRVLATAVRE,GEIM800105,-0.094,-0.074,1.04
GWWYKGRARPVSAVA,GEIM800105,-0.293,-0.419,1.354
GRFKRFRKPFKKLFKKIS,GEIM800105,-0.039,-0.14,1.124
PISLERLDVGTNLGNAIAKLEDAKELLESSDQILR,GEIM800105,-0.124,-0.214,1.201
FAKKFAKKFKKFAKKFAKFAFAF,GEIM800105,-0.084,-0.474,1.372
HVDKKVADKVLLLKQLRIMRLLTRL,GEIM800105,-0.189,-0.237,1.209
LLFLKVPAQNAISTTFPYT,GEIM800105,-0.07,-0.165,1.146
FLKVPAQNAISTTFPYT,GEIM800105,-0.098,-0.172,1.148
KVPAQNAISTTFPYT,GEIM800105,-0.111,-0.17,1.127
MDVNPTLLF,GEIM800105,-0.532,-0.457,1.381
MDVNPTLL,GEIM800105,-0.635,-0.506,1.425
MDVNPTLLFIDVPAQ,GEIM800105,-0.703,-0.54,1.498
MDVNPTFLFLKVPAQ,GEIM800105,-0.457,-0.419,1.383
LLDCWVRLGRYLLRRLKTP,GEIM800105,-0.026,-0.194,1.133
FWFTLIKTQAKQPARYRRFC,GEIM800105,0.119,0.204,0.762
GCKKYRRFRWKFKGKFWFWG,GEIM800105,-0.059,-0.27,1.231
FKVKAKVKAKVKAKVKAKKKK,GEIM800105,-0.293,-0.267,1.241
TDVILMCFSIDSPASLENI,GEIM800105,-0.173,-0.158,1.112
ADVILMCFSIDSPDSLENI,GEIM800105,-0.02,-0.026,0.989
CRFPNITNSHVPILQERPPLENRVLTGWGL,GEIM800105,-0.092,-0.099,1.076
KWKLFKKIEKVGQNIRDGIIKAGPAVAVVGQATQIAK,GEIM800105,-0.119,-0.129,1.115
SLLGRMKGA,GEIM800105,0.072,0.428,0.479
TDVILMCFSIDSPDSAENI,GEIM800105,-0.058,-0.058,1.013
TDVILMCFSIDAPDSLENI,GEIM800105,-0.035,-0.037,0.994
HRIDLGPPISLERLDVGTNLGNAIAKLEDAKELLE,GEIM800105,-0.164,-0.282,1.242
ELNKAKSDLEESKEWIRRSNQKLDSIGNWHQSSTT,GEIM800105,0.018,-0.102,1.041
ILGPVLGLVSRTLRRVLGIL,GEIM800105,0.095,-0.245,1.219
SWLRDVWDWVCTILTDFK,GEIM800105,-0.045,-0.144,1.116
FFHHIFRGIVHVGKTIHRLVTG,GEIM800105,0.011,-0.194,1.172
WIHAEIKNSLKIDNLDVNRCIEALD,GEIM800105,-0.349,-0.341,1.287
SVALDPIDISIELNKAKSDLEESKEWIRRSNQKLD,GEIM800105,-0.149,-0.241,1.207
DISIELNKAKSDLEESKEWIRRSNQKLDSIGNWHQ,GEIM800105,-0.093,-0.249,1.211
ISIELNKAKSDLEESKEWIRRSNQKLDSIGNWHQS,GEIM800105,-0.043,-0.186,1.143
IELNKAKSDLEESKEWIRRSNQKLDSIGNWHQSST,GEIM800105,-0.049,-0.216,1.153
GYHLMSFPQAAPHGVVFLHVTW,GEIM800105,0.215,0.184,0.817
GVFVFNGTSWFITQRNFFS,GEIM800105,0.201,0.055,0.931
CWVRLGRYLLRRLKTPFT,GEIM800105,0.088,-0.129,1.092
NILRLKESITATIEAVHEVTDGLS,GEIM800105,-0.207,-0.176,1.137
ALDKLEESNSKLDKVNVKLT,GEIM800105,-0.331,-0.345,1.305
AGERIVDIIATDIQ,GEIM800105,-0.387,-0.307,1.271
FLGFLKNLF,GEIM800105,0.052,0.151,0.796
RIDLGPPISLERLDVGTNLGNAIAKLEDAKELLES,GEIM800105,-0.169,-0.296,1.282
SGSWLRDIWDWICEVLSDFK,GEIM800105,-0.361,-0.375,1.346
SWLRDIWDWICEVLSDFKT,GEIM800105,-0.399,-0.391,1.361
SWLDRIWRWICKVLSRFE,GEIM800105,0.013,-0.127,0.979
TRQARRNRRRWRERQR,GEIM800105,-0.036,-0.13,1.063
APKEWMAWAREIAAYAKLIAALI,GEIM800105,-0.154,-0.286,1.217
RINNIPWSEAMM,GEIM800105,-0.071,-0.231,1.2
GIKEFKREFQRIKDFLRNLV,GEIM800105,-0.124,-0.145,1.012
LLGDLLRKSKEKIGKEFKRIVQRIKDFLRNLVPRTES,GEIM800105,-0.004,-0.009,1.005
AWDFGSIGGVFTSVGKLVHQVFGTAYGVL,GEIM800105,-0.107,-0.31,1.279
FFVIFYRRKK,GEIM800105,0.6,0.405,0.54
TDVILACFSIDSPDSLENI,GEIM800105,-0.151,-0.128,1.083
SWLRDLWDWICEVLSDFK,GEIM800105,-0.355,-0.347,1.317
SWLRDLWDWLCEVLSDFK,GEIM800105,-0.419,-0.429,1.395
SWLRDIWDWVCEVLSDFK,GEIM800105,-0.307,-0.266,1.241
TAVILMCFSIDSPDSLENI,GEIM800105,0.008,0.009,0.954
REINNYTSLIHSLIEESQNQQEKNEQELLELDKWAS,GEIM800105,-0.005,-0.146,1.135
LEAIPMSIPPEFLFGKPFVF,GEIM800105,0.12,0.133,0.858
FRFKIKFRLKFRFKARFKFRAKFRA,GEIM800105,-0.102,-0.391,1.323
INNYTSLIHSLIEESQNQQEKNEQELLE,GEIM800105,0.102,-0.006,0.939
GLRSRIWLWVLLMIWQESNRFKRM,GEIM800105,0.081,0.089,0.892
DVILMCFSIDSPDSLENI,GEIM800105,-0.081,-0.067,0.983
SWLRDIWDWLCEVLSDFK,GEIM800105,-0.463,-0.452,1.417
SWLRDIWDWICELLSDFK,GEIM800105,-0.265,-0.309,1.282
SWLRDLWDWLCELLSDFK,GEIM800105,-0.285,-0.398,1.366
GIGAVLKVLTTGLPALISWIKRKRQQ,GEIM800105,-0.029,-0.181,1.163
IQKEIDRLNEVAKNLNESLIDLQELGK,GEIM800105,-0.23,-0.342,1.293
YENQKQIANQFNKAISQIQESLTTTSTA,GEIM800105,0.023,0.027,0.912
ILMCFSIDSPDSLEN,GEIM800105,0.079,0.052,0.848
FLGFLHHLF,GEIM800105,0.046,0.184,0.755
PPISLERLDVGTNLGNAIAKLEDAKELLESSDQIL,GEIM800105,-0.107,-0.212,1.196
GIKEFKRIVQRIKDFLRNLV,GEIM800105,0.061,0.049,0.858
GINASVVNIQKEIDRLNEVAKNL,GEIM800105,-0.249,-0.182,1.171
LFGLIPSLIGGLVSAFK,GEIM800105,-0.013,-0.177,1.126
FLDSKAELEKARKILSEVGRWY,GEIM800105,-0.139,-0.173,1.097
LNNSVALDPIDISIELNKAKSDLEESKEWIRRSNQ,GEIM800105,-0.094,-0.209,1.195
VALDPIDISIELNKAKSDLEESKEWIRRSNQKLDS,GEIM800105,-0.165,-0.292,1.196
SIELNKAKSDLEESKEWIRRSNQKLDSIGNWHQSS,GEIM800105,-0.047,-0.218,1.203
CTLTTKLYC,GEIM800105,0.383,0.125,0.84
QLESLTDRELLLLIARKTCGSVE,GEIM800105,-0.265,-0.308,1.225
LEAIPMCIPPECAFNKPFVF,GEIM800105,0.036,0.02,0.966
WMEWDREINNYTSLIHSLIEEWQNQQEKNEQELL,GEIM800105,-0.019,-0.147,1.125
APKEWMAWAREIAAYAKLIAALIKQGI,GEIM800105,-0.165,-0.296,1.236
SWLRDIWDWICEVLSD,GEIM800105,-0.376,-0.335,1.239
GFKRIVQRIKDFLRNLV,GEIM800105,0.115,0.081,0.808
FLAAARIAKRVAKKARKLAKRAARKRK,GEIM800105,0.007,-0.058,1.027
LEAIPCSIPPCVFFNKPFVF,GEIM800105,0.172,0.136,0.867
GIKQFKRIVQRIKDFLRNLV,GEIM800105,0.058,0.022,0.871
MDVNPTLLFLK,GEIM800105,-0.427,-0.427,1.366
SWLRRIWRWICKVLSRFK,GEIM800105,0.094,-0.338,1.237
TWAGVEAIIRILQQL,GEIM800105,-0.116,-0.248,1.222
KVLTTGLPALISWIKRKRQQ,GEIM800105,0.024,-0.072,1.035
SWLRDIWRWICKVLSRFK,GEIM800105,-0.024,-0.276,1.22
FLHFLHHLF,GEIM800105,-0.008,-0.013,0.928
SSSTSTQVQILSNAL,GEIM800105,0.106,0.05,0.952
CVRLASHLRKLRKRLLRDADDLQKRLAVY,GEIM800105,0.241,0.307,0.64
MHRSLLGRMKGA,GEIM800105,0.079,0.376,0.574
GINASVVNIQKEIDRLNEVAKNLNESLIDL,GEIM800105,-0.2,-0.17,1.161
SWLRDIWDWICEVLSDFK,GEIM800105,-0.399,-0.377,1.346
GSLLGRMKGA,GEIM800105,0.06,0.391,0.545
SWLRDLWDWICELLSDFK,GEIM800105,-0.22,-0.279,1.253
VANDPIDISIELNKAKSDLEESKEWIRRSNQKLDSI,GEIM800105,-0.05,-0.179,1.069
VANDPIDISIELNKAKSDLEESKEWIRRSNQKLDSD,GEIM800105,-0.062,-0.225,1.113
YTSLIHSLIEEKQNQQEKNEQELLELDKWASLWNWF,GEIM800105,0.103,0.02,0.923
RRKKAAVALLPAVLLALLAP,GEIM800105,-0.107,-0.155,1.124
VNPTLLFLKVPAQNAISTTFPYT,GEIM800105,-0.15,-0.197,1.097
LEAIPMSIPPEVFFNKPFVF,GEIM800105,0.04,0.033,0.959
MDVNPTLLFLKV,GEIM800105,-0.494,-0.397,1.226
GINASVVNIQKEIDRLNEVAKNLNESLIDLQELGKYE,GEIM800105,-0.266,-0.228,1.2
SLEQIWNNMTWMEWDREINNYTSLIHSLIEESQNQQ,GEIM800105,-0.042,-0.096,1.09
IWNNMTWMEWDREINNYTSLIHSLIEESQNQQEKNE,GEIM800105,0.082,-0.022,0.97
FWNWLSAWIKKTYEEIKKTYEEIKKTYEEIERDWEMV,GEIM800105,-0.222,-0.196,1.134
DWLRIIWDWVCSVVSDFK,GEIM800105,0.38,0.129,0.773
GSWLRDIWDWICEVLSDFK,GEIM800105,-0.379,-0.375,1.342
SWLRDIWDWICEVLSDFKTW,GEIM800105,-0.358,-0.373,1.35
CEELRVRLASHLRKLRKRLLRDADDLQKRLAVY,GEIM800105,0.172,0.19,0.757
HRSLLGRMKGA,GEIM800105,0.051,0.269,0.585
PTLLFLKVPAQNAISTTFPYT,GEIM800105,-0.079,-0.182,1.13
KFDSLVECIWDWIDRLWS,GEIM800105,-0.399,-0.377,1.346
FKLRAKIKVRLRAKIKL,GEIM800105,-0.207,-0.391,1.356
YTSLIHSLIEEPQNQQEKNEQELLELDKWASLWNWF,GEIM800105,0.114,0.027,0.915
SIWRDWVDLICEFLSDWK,GEIM800105,-0.308,-0.293,1.266
INNYTSLIHSLIEESQNQQEKNEQELLELDKWASLW,GEIM800105,0.058,-0.041,1.002
LEAIPCSIPPCFLFGKPFVF,GEIM800105,0.035,0.024,0.971
YTSLIHSLIEERQNQQEKNEQELLELDKWASLWNWF,GEIM800105,0.072,-0.004,0.948
VALDPIDISIELNKAKSDLEESKEWIRRSNQKLDSD,GEIM800105,-0.168,-0.298,1.185
TRQARRNRRRWRERQRAAAAC,GEIM800105,-0.001,-0.082,0.955
GRFKRFRKKFKKLFKKIS,GEIM800105,-0.039,-0.15,1.132
RQLLSGIVQQQNNLLRAIEAQQHLLQK,GEIM800105,0.073,0.129,0.865
PPATHTIADRNHTPFSDV,GEIM800105,-0.217,-0.285,1.109
MDVNPHLLFLKVPAQ,GEIM800105,-0.425,-0.396,1.364
RSLLGRMKGA,GEIM800105,0.066,0.457,0.457
YTSLIHSLIEEEQNQQEKNEQELLELDKWASLWNWF,GEIM800105,0.154,0.053,0.891
LEAIPCSIPPCVFFGKPFVF,GEIM800105,0.17,0.127,0.877
LEAIPCSIPPCFAFNKPFVF,GEIM800105,-0.019,-0.021,1.011
YTSLIHSLIQQSQNQQQKNQQQLLQLDKWASLWNWF,GEIM800105,0.017,0.038,0.895
SQNQQEKNEQELLELDKWASLWNWFNITNWLWLIKI,GEIM800105,-0.075,-0.161,1.126
EESQNQQEKNEQELLELDKWASLWNWFNITNWLWLI,GEIM800105,0.03,-0.08,1.017
ESQNQQEKNEQELLELDKWASLWNWFNITNWLWLIK,GEIM800105,-0.065,-0.165,1.126
NQQEKNEQELLELDKWASLWNWFNITNWLWLIKIFI,GEIM800105,-0.041,-0.082,1.033
QNQQEKNEQELLELDKWASLWNWFNITNWLWLIKIF,GEIM800105,-0.059,-0.128,1.114
ASLRVRIKK,GEIM800105,0.042,-0.092,0.969
VEAIIRILQQLLFIH,GEIM800105,-0.087,-0.241,1.042
ASLRVRIKKQ,GEIM800105,0.035,-0.06,0.993
YTSLIHSLIEEDQNQQEKNEQELLELDKWASLWNWF,GEIM800105,0.151,0.051,0.893
YTSLIHSLIEEHQNQQEKNEQELLELDKWASLWNWF,GEIM800105,0.112,0.026,0.917
NSVALDPIDISIELNKAKSDLEESKEWIRRSNQKL,GEIM800105,-0.138,-0.234,1.206
DPIDISIELNKAKSDLEESKEWIRRSNQKLDSIGN,GEIM800105,-0.097,-0.241,1.195
RRGRTGRGRRGIYR,GEIM800105,0.09,0.163,0.846
CFLNITNSHVSILQERPPLENRV,GEIM800105,-0.03,-0.024,0.922
CCFLNITNSHVSILQERPPLENRVLTGWGL,GEIM800105,0.026,0.021,0.964
LEAIPCSIPPCVAFNKPFVF,GEIM800105,0.01,-0.0,0.995
QKWEDWVRWIGN,GEIM800105,0.239,0.211,0.746
FNLSDHSESIQKKFQLMKEHVNKIG,GEIM800105,-0.114,-0.206,1.184
WADWVRWI,GEIM800105,0.26,0.185,0.804
TTWEAWDRAIAEYAARIEALIRAAQELQEKLEAALREL,GEIM800105,-0.1,-0.235,1.206
RRKKIFYFFR,GEIM800105,0.236,0.299,0.718
WEDWVRWA,GEIM800105,0.282,0.208,0.787
SLIEESQNQQEKNEQELLELDKWASLWNWFNITNWL,GEIM800105,-0.029,-0.173,1.157
NGIGVTQNVLYENQKQIANQFNKAISQIQESLTTTSTA,GEIM800105,-0.004,-0.011,0.977
MDVNPTLLFLKVP,GEIM800105,-0.59,-0.496,1.424
YTSLIHSLIEESQNQQEKNEQELLELDKPASLWNWF,GEIM800105,0.116,0.022,0.919
GELGRLVYLLDGPGYDPI,GEIM800105,0.126,0.117,0.858
GELGRLVYLLDGPGYDPIHCD,GEIM800105,-0.048,-0.042,0.989
ALDPIDISIELNKAKSDLEESKEWIRRSNQKLDSI,GEIM800105,-0.121,-0.283,1.241
HGLASTLTRWAHYNALIRAF,GEIM800105,-0.084,-0.177,1.124
AWDFGSLGGVFTSIGKALHQVFGAIYGAA,GEIM800105,0.038,0.016,0.955
AWDFGSVGGVLNSLGKMVHQIFGSAYTAL,GEIM800105,-0.189,-0.263,1.24
WEAWVRWI,GEIM800105,0.261,0.185,0.804
WLVFFVIFYFFR,GEIM800105,0.737,-0.227,1.14
DQAEHLKTAVQMAVFIHNYKA,GEIM800105,-0.094,-0.083,1.025
LVQPRGPRSGPGPWQGGRRKFRRQRPRLSHKGPMPF,GEIM800105,0.046,0.104,0.873
NKSLEQIWNNMTWMEWDREINNYTSLIHSLIEESQN,GEIM800105,-0.022,-0.078,1.043
PIDISIELNKAKSDLEESKEWIRRSNQKLDSIGNW,GEIM800105,-0.154,-0.299,1.275
WEDWARWI,GEIM800105,0.158,0.11,0.778
LHRIDLGPPISLERLDVGTNLGNAIAKLEDAKELL,GEIM800105,-0.155,-0.276,1.255
KSLEQIWNNMTWMEWDREINNYTSLIHSLIEESQNQ,GEIM800105,-0.045,-0.102,1.096
INNYTSLIHSLIEESQNQQEKNEQELLELDKWASL,GEIM800105,0.054,-0.061,1.023
WEDWVRWI,GEIM800105,0.413,0.288,0.711
FDASISQVNEKINQSLAFIRKSDELLHNVNAGKST,GEIM800105,-0.083,-0.118,1.096
IRKAHCNISRAKWND,GEIM800105,-0.072,-0.165,0.993
IRKAHCNISRADWND,GEIM800105,-0.064,-0.179,1.027
LEQIWNNMTWMEWDREINNYTSLIHSLIEESQNQQE,GEIM800105,-0.046,-0.108,1.072
LIEESQNQQEKNEQELLELDKWASLWNWFNITNWLW,GEIM800105,-0.025,-0.161,1.138
WMEWDREINNYTSLIHSLIEEPQNQQEKNEQELL,GEIM800105,0.046,-0.114,1.091
MNINPYPLFIDVPIQ,GEIM800105,-0.739,-0.608,1.56
MDVNPCLLFLKVPAQ,GEIM800105,-0.48,-0.433,1.396
MDVNPTLLFLKVPAQ,GEIM800105,-0.472,-0.435,1.398
VYTDKVDISSQISSMNQSLQQSKDYIKEAQKILDTV,GEIM800105,-0.01,-0.009,0.909
VQQQNNLLRAIEAQQHLLQLTVWGIKQL,GEIM800105,0.063,0.084,0.82
HSLIEESQNQQEKNEQELLELDKWASLWNWFNITNW,GEIM800105,-0.038,-0.203,1.182
MDVNPTLLFLKVPA,GEIM800105,-0.506,-0.437,1.384
QHLLQLTVWGIKQLQARILAVERYLKDQ,GEIM800105,-0.066,-0.131,1.125
MDVNPTLLFLKVPAQNAIST,GEIM800105,-0.327,-0.325,1.29
YTSLIHSLIEEQQNQQEKNEQELLELDKWASLWNWF,GEIM800105,0.075,-0.002,0.945
TTWEAWDRAIAEYAARIEALIRALQELQEKNEAILREL,GEIM800105,-0.029,-0.118,1.096
LDPIDISIELNKAKSDLEESKEWIRRSNQKLDSIG,GEIM800105,-0.123,-0.273,1.258
WEDWVRWIGNIP,GEIM800105,0.065,0.05,0.924
QARQLLSQIVQQQNNLLRAIEAQQHLLQ,GEIM800105,0.081,0.148,0.857
MDVNPTLLFLKVPAQNAI,GEIM800105,-0.382,-0.354,1.298
IHSLIEESQNQQEKNEQELLELDKWASLWNWFNITN,GEIM800105,-0.04,-0.186,1.133
YTSLIHSLIEEWQNQQEKNEQELLELDKWASLWNWF,GEIM800105,0.053,-0.019,0.964
MTLTVQARQLLSQIVQQQNNLLRAIEAQ,GEIM800105,0.152,0.187,0.81
NNYTSLIHSLIEESQNQQEKNEQELLELDKWASLWN,GEIM800105,0.078,-0.025,0.994
GELGRPVYVLGDPGYYATHCIYATTNDALIFSV,GEIM800105,0.33,0.248,0.711
YGGIKKEIEAIKKEQEAIKKKIEAIEKEIEA,GEIM800105,-0.218,-0.376,1.31
YTSLIHSLIEEYQNQQEKNEQELLELDKWASLWNWF,GEIM800105,0.011,-0.049,0.999
RQIKINFQNRRMKNKKGELDELVYLLDGPGYDPIHS,GEIM800105,0.044,0.001,0.996
GELDELVYLLDGPGYDPIHS,GEIM800105,0.148,0.092,0.91
KQNAANILRLKESIAATNEAVHEV,GEIM800105,-0.081,-0.146,1.037
AVGIGAMFLGFLGAAGSTMGAAS,GEIM800105,-0.05,-0.113,1.088
DREINNYTSLIHSLIEESQNQQEKNEQELLELDKWA,GEIM800105,-0.008,-0.154,1.128
MDVNPYLLFLKVPAQ,GEIM800105,-0.495,-0.424,1.387
WDREINNYTSLIHSLIEESQNQQEKNEQELLELDKW,GEIM800105,-0.022,-0.176,1.148
MTWMAWDRAIANYAALIHALIEAAQNQQEKNEAALLEL,GEIM800105,-0.021,-0.184,1.17
GELGRLVYLLDGPGYDPIHCSLAYGDASTLVVF,GEIM800105,0.224,0.186,0.815
ISLERLDVGTNLGNAIAKLEDAKELLESSDQILRSM,GEIM800105,-0.098,-0.188,1.155
QLQKWEDWVRWI,GEIM800105,0.236,0.232,0.749
VWGIKQLQARILAVERYLKDQQLLGIWG,GEIM800105,-0.119,-0.196,1.1
YTSLIHSLIEENQNQQEKNEQELLELDKWASLWNWF,GEIM800105,0.138,0.044,0.9
YTSLIHSLIEESQNQQEKNEQELLELDKWASLWNSF,GEIM800105,0.079,-0.003,0.945
RQLLSQIVQQQNNLLRAIEAQQHLLQLT,GEIM800105,0.095,0.167,0.825
NNMTWMEWDREINNYTSLIHSLIEESQNQQEKNEQE,GEIM800105,0.081,-0.064,1.028
IDISIELNKAKSDLEESKEWIRRSNQKLDSIGNWH,GEIM800105,-0.141,-0.289,1.246
YTSLIHSLIEESQNQQEKNQQELLQLDKWASLWNWF,GEIM800105,0.042,0.015,0.929
TTWEAWDRAIAEYAARIEALIRALQELQEKNEAALREL,GEIM800105,-0.016,-0.141,1.115
MNINPTLLFLKVPAQ,GEIM800105,-0.249,-0.304,1.275
KVDISSQISSMNQSLQQSKDYIKEAQRLLDTVNPSL,GEIM800105,-0.157,-0.181,1.169
QLQKWEDWVRWIGNIPQYLKG,GEIM800105,0.045,0.047,0.953
TTWEAWDRAIAEYAARIEALIRAAQEQQEKLEAVLREL,GEIM800105,-0.108,-0.173,1.152
EWDREINNYTSLIHSLIEESQNQQEKNEQELLELDK,GEIM800105,-0.039,-0.202,1.175
YTSLIHSLIEESQNQQEKNEQELLELDKWASLWNAF,GEIM800105,0.096,0.002,0.938
TTWEAWDRAIAEYAARIEALIRAAQEQQEKLEAALREL,GEIM800105,-0.086,-0.227,1.198
GELGRLVYLLDGPGYDPIHCDVVTRGGSHLFNF,GEIM800105,0.003,-0.004,0.999
TWMEWDREINNYTSLIHSLIEESQNQQEKNEQELLE,GEIM800105,-0.006,-0.127,1.083
TTWEAWDRAIAEYAARIEALIRALQEQQEKNEAILREL,GEIM800105,-0.016,-0.109,1.086
MEWDREINNYTSLIHSLIEESQNQQEKNEQELLELD,GEIM800105,-0.041,-0.205,1.18
MTWMEWDREINNYTSLIHSLIEESQNQQEKNEQELL,GEIM800105,0.001,-0.111,1.101
YTSLIHSLIEEFQNQQEKNEQELLELDKWASLWNWF,GEIM800105,0.053,-0.019,0.964
YTSLIHSLIEESQNQQEKLEQELLELDKWASLWNWF,GEIM800105,-0.035,-0.105,1.048
TTWEAWDRAIAEYAARIEALIRALQEQQEKNEAALREL,GEIM800105,-0.002,-0.133,1.106
VALDPIDISIELNKAKSDLEESKEWIRRSNQKLDSI,GEIM800105,-0.156,-0.256,1.147
MTWMEWDREINNYTSLIHSLIEESQNQQEKNEQELLEL,GEIM800105,-0.03,-0.155,1.144
MNINPTLLFLKVPIQ,GEIM800105,-0.34,-0.407,1.367
YTSLIHSLIEESQNQQEKNEQELLELNKWASLWNWF,GEIM800105,0.069,-0.003,0.946
MTWEAWDRAIAEYAARIEALIRAAQEQQEKNEAALREL,GEIM800105,-0.01,-0.188,1.175
YTSLIHSLIQESQNQQEKNEQELLELDKWASLWNWF,GEIM800105,0.041,-0.012,0.955
TTWEAWDRAIAEYAARIEALIRAAQELQEKNEAALREL,GEIM800105,0.0,-0.145,1.117
TTWEAWDRAIAEYAARIEALIRAAQEQQEKNEAILREL,GEIM800105,0.0,-0.11,1.086
ISGINASVVNIQKEIDRLNEVAKNLNESLIDLQEL,GEIM800105,-0.186,-0.167,1.143
YTSLIHSLIEQSQNQQEKNEQELLELDKWASLWNWF,GEIM800105,-0.003,-0.067,1.009
TTWEAWDRAIAEYAARIEALIRAAQEQQEKNEAALREL,GEIM800105,0.013,-0.138,1.109
TTWEEWDREINEYTSRIESLIRESQEQQEKNEQELREL,GEIM800105,-0.031,-0.155,1.131
ISGINASVVNIQEEIKKLNEEAKKLNESLIDLQEL,GEIM800105,0.154,0.066,0.911
NYTSLIHSLIEESQNQQEKNEQELLELDKWASLWNW,GEIM800105,0.008,-0.088,1.058
YTSLIHSLIEESQNQQEKNEQELLELDKWASPWNWF,GEIM800105,0.048,-0.055,0.994
MDVNPFLLFLKVPAQ,GEIM800105,-0.466,-0.435,1.399
MDVNPWLLFLKVPAQ,GEIM800105,-0.466,-0.435,1.399
WMEWDREINNYTSLIHSLIEETQNQQEKNEQELL,GEIM800105,-0.028,-0.151,1.129
LIHSLIEESQNQQEKNEQELLELDKWASLWNWFNIT,GEIM800105,-0.003,-0.121,1.094
YTSLIHSLIEESQNQQEKNEQELLQLDKWASLWNWF,GEIM800105,0.104,0.067,0.879
TTWEAWDRAIAEYAARIEALIRASQEQQEKNEAELREL,GEIM800105,0.009,-0.14,1.113
WMEWDREINNYTSLIHSLIEEAQNQQEKNEQELL,GEIM800105,0.038,-0.118,1.095
WMEWDREINNYTSLIHSLIEELQNQQEKNEQELL,GEIM800105,-0.01,-0.143,1.121
WMEWDREINNYTSLIHSLIEESQNQQEKNEQELLEL,GEIM800105,-0.033,-0.184,1.161
WEEWDKKIEEYTKKIEELIKKSEEQQKN,GEIM800105,0.119,-0.098,1.064
HCSLAYGDASTLVVF,GEIM800105,0.416,0.281,0.697
HCIYATTNDALIFSV,GEIM800105,0.304,0.232,0.645
GELGRIPSDTYDLAVGALHCPFYLVSGLVYLDG,GEIM800105,-0.073,-0.094,1.087
GELDELVYLLDGPGYDPIHCDVVTRGGSRLFNF,GEIM800105,0.066,0.053,0.944
NMTWMEWDREINNYTSLIHSLIEESQNQQEKNEQEL,GEIM800105,0.015,-0.119,1.096
QIWNNMTWMEWDREINNYTSLIHSLIEESQNQQEKN,GEIM800105,0.021,-0.051,1.032
SLIHSLIEESQNQQEKNEQELLELDKWASLWNWFNI,GEIM800105,-0.023,-0.164,1.124
YTSLIHSLIEEGQNQQEKNEQELLELDKWASLWNWF,GEIM800105,0.089,0.009,0.934
YTSLIQSLIEESQNQQEKNEQQLLELDKWASLWNWF,GEIM800105,0.117,0.097,0.851
ANVVATYPAHS,GEIM800105,0.142,0.076,0.91
WLVFFVIAYFAR,GEIM800105,0.4,-0.12,1.092
SVVPSKATWGFA,GEIM800105,0.226,0.133,0.837
WLVFFVIFYFFRRRKK,GEIM800105,0.559,0.292,0.651
RRKKWLVFFVIFYFFR,GEIM800105,0.538,0.273,0.719
KWLCRIWSWISDVLDDFE,GEIM800105,-0.039,-0.053,0.962
SWLWEVWDWVLHVLSDFK,GEIM800105,-0.299,-0.29,1.26
TWLRAIWDWVCTALTDFK,GEIM800105,-0.006,-0.082,1.047
SWLRDVWDWVCTVLSDFK,GEIM800105,0.061,-0.056,1.034
GAIVSTALPQWRIYSYAG,GEIM800105,0.153,0.031,0.941
AGDDQGLDKCVPNSKEK,GEIM800105,0.358,0.168,0.84
SWLRDIWDWLCELLSDFK,GEIM800105,-0.329,-0.416,1.382
KKKKFVKKVAKKVKKVAKKVAKVAVAV,GEIM800105,-0.516,-0.388,1.323
KRKRFAKKFLRFLRKVIRFLKRFIRRF,GEIM800105,0.09,0.126,0.844
VVTTRLFMSLVASVRNAFQSGYISFDEIIKTE,GEIM800105,0.225,0.126,0.775
FAVAVKAVAVKAVAVKAVKKAVKKVKKAVKKAVKKKK,GEIM800105,-0.661,-0.485,1.465
NFYDPLVFPSDEFDASISQVNEKINQSLASIRKSDELLHNVNAGK,GEIM800105,-0.033,-0.061,1.046
QKQIANQFNKAISQIQESLTTTSTALGKLQDVVNQNAQALNTLVKQ,GEIM800105,-0.053,-0.066,1.065
QNQSANQFQKEISQINEVLTTTNTSLGKLQDDVNQNNQSLNTLQKE,GEIM800105,-0.106,-0.145,1.115
GRRRRSVQWCAVSQPEATKCFQWQRNMRKVRGPPVSCIKRDSPIQCIQA,GEIM800105,0.002,-0.032,1.02
AVSKVLHLEGEVNKISALLSTNKAVVSLSNGVSVLTSKVLDLDNYIDKQLLPIVNK,GEIM800105,-0.088,-0.084,1.076
PKEELDKYFKNHTSPDVDLGDISGINASVVNIQKEIDRLNEVAKNLNESLIDLQELGKYE,GEIM800105,-0.203,-0.213,1.194
EELRVRLASHLRKLRKRLLRDADDLQKRLAVYEEQAQQIRLQAEAFQARLKSWFEPLVEDM,GEIM800105,0.17,0.171,0.81
SLDQINVTFLDLEYEMKKLEEAIKKLEESYIDLKEL,GEIM800105,-0.119,-0.167,1.156
NGAICWGPCPTAFRQIGNCGHFKVRCCKIR,GEIM800105,-0.145,-0.259,1.197
CFPYITRPGTYHDWWYTRKNRQ,GEIM800105,0.205,0.227,0.763
YTSLIHSLIEESQNQQEKNEQELLELDKWASLWNWF,GEIM800105,0.07,-0.006,0.949
GTNLSVPNPLGFFPDHQLDPAFGANSNNPDWDFNPNKDHWPEANKVG,GEIM800105,0.204,-0.016,1.015
SWETWEREIENYTRQIYRILEESQEQQDRNERDLLE,GEIM800105,-0.017,-0.078,1.05
