AVPdb/HIPdb_ID,Sequence,Reference,MIC
>AVP0638,AAQRRGRVGRNPNQVGD,18479669,442
>AVP1741,HRILARIRQMMT,22743126,435.5
>AVP0652,RNPSQVGD,18479669,383
>AVP0636,RVGRNPNQVGD,18479669,374
>AVP0633,AAQRRGRIGRNPSQVGD,18479669,358
>HIP160,ACWAAGIKQEF,16854053,333
>HIP161,ACWGAGIKQEF,16854053,333
>HIP165,ACWWAGIKAEF,16854053,333
>HIP166,ACWWAGIKQAF,16854053,333
>HIP171,ACWWAGIRQEF,16854053,333
>HIP199,TAYALLKLAGRW,16854053,333
>HIP201,TAYFLAKLAGRW,16854053,333
>HIP204,TAYFLLKAAGRW,16854053,333
>HIP207,TAYFLLKLAGRA,16854053,333
>HIP208,TAYFLLKLAGRL,16854053,315
>AVP0627,RGRRGIYR,18479669,313
>AVP0653,RIGRNPSQVGD,18479669,285
>AVP0006,AGAVVNDL,3040743,283
>AVP0012,AAGAVVNDL,3040743,280
>AVP0204,EQVLKAVTNVLSPVFPGGET,12857903,280
>AVP1483,SNNTIAIPTNFSISITTEVM,US7491489,278.801
>HIP157,AAWWAGIKQEF,16854053,277
>AVP1477,FKLPLGINITNFRAILTAFS,US7491489,266.434
>AVP1740,LMRIRQMMT,22743126,263.81
>AVP1695,CPFVKTQLC,17441904,263
>AVP1479,VLYNSTFFSTFKCYGVSATK,US7491489,262.667
>AVP1485,GIGVTQNVLYENQKQIANQF,US7491489,262.539
>AVP1480,PALNCYWPLNDYGFYTTSGI,US7491489,258.33
>AVP0674,AAHLIDALYAEFLGGRVLTT,18572274,250
>AVP0675,GLASTLTRWAHYNALIRAF,18572274,250
>HIP1138,ATGQETAYFLLKLAGKA,11705373,250
>HIP167,ACWWAGIKQEA,16854053,245
>AVP2008,KQRQNKPPSKPNNDFHF,11487583,240
>HIP271,NQIIEQLIKKEKVY,15790559,240
>HIP1150,QKEGLHYTCSSHFPYSQYQF,22403408,237
>AVP2009,KPPSKPNNDFHFEVFNFVP,11487583,220
>HIP1173,IKKTYEEIKKTYEEIKKTYEEIKKTYEEIKKTYEE,18662985,200
>HIP154,LFYLVPGPGH,12054767,200
>HIP232,YQLLIRPIYKNI,12054767,200
>HIP292,FIHFRIGCQHSRIGI,17490682,200
>HIP776,LSELDDRADALQAGASQFETSAAKLKRKYWWKN,12054767,200
>AVP0637,RRGRVGRNPNQVGD,18479669,196
>HIP197,TAAFLLKLAGRW,16854053,193
>AVP2007,KQRQNKPPSKPNNDFHFEVFN,11487583,190
>HIP300,HFPRIWLHSLGQHIY,17490682,187
>HIP198,TASFLLKLAGRW,16854053,186
>AVP2003,CSICSNNPTCWAICKRIPNKKPGKK,11487583,177
>AVP2002,VPCSICSNNPTCWAICKRIPNKKPGKK,11487583,165
>HIP221,YQALIRMIYKNI,12054767,165
>AVP1722,FGGASCCLYCRCHIDHPNPKGFCDLKGKY,22659295,160
>AVP1723,GGASCCLYCRCH,22659295,160
>AVP0654,RRGRIGRNPSQVGD,18479669,156
>AVP1739,HRILMRARQMMT,22743126,150.141
>HIP363,TYGDTWAGVEAIIRI,17490682,150
>HIP264,AEAASQVTNTATIM,15113844,142
>AVP0174,VRLGSISVIGIVRGKK,10574908,137
>HIP1148,RSQKEGLHYTCSSHFPYSQYQFWK,22403408,136
>HIP233,AEASQVTNTATIM,15113844,126
>AVP1738,HRILMRIRQMAT,22743126,120.524
>HIP138,YQLLIRMI,12054767,120
>HIP288,ESELVSQIIEQLIKK,15790559,120
>HIP552,IKKEKVYLAWVPAHKGIGN,15790559,120
>HIP610,IQAQPDQSESELVNQIIEQL,15790559,120
>HIP205,TAYFLLKLAARW,16854053,118
>AVP2040,KAAKKAAKAAKKAAKWAKKAA,15498607,117
>HIP1174,IKKTYEEIKKTYEEIKKTYEEIKKTYEEIERDWEMV,18662985,117
>HIP200,TAYFALKLAGRW,16854053,115
>HIP202,TAYFLLALAGRW,16854053,113
>HIP265,AEAMSQVANTATIM,15113844,110
>AVP0088,PDAVYLHRIDLGPPISLERLDVGTNLGNAIAKLED,8700906,100
>AVP0089,DAVYLHRIDLGPPISLERLDVGTNLQNAIAKLEDA,8700906,100
>AVP0090,AVYLHRIDLGPPISLERLDVGTNLQNAIAKLEDAK,8700906,100
>AVP0105,YTPNDITLNNSVALDPIDISIELNKAKSDLEESKE,8700906,100
>AVP0106,TPNDITLNNSVALDPIDISIELNKAKSDLEESKEW,8700906,100
>AVP0107,PNDITLNNSVALDPIDISIELNKAKSDLEESKEWI,8700906,100
>AVP0108,NDITLNNSVALDPIDISIELNKAKSDLEESKEWIR,8700906,100
>AVP0109,DITLNNSVALDPIDISIELNKAKSDLEESKEWIRR,8700906,100
>AVP0129,NFYDPLVFPSDEFDASISQVNEKINQSLAFIRKSD,8700906,100
>AVP1707,IEEINKKVEEIQKKIEELNKKAEELNKKLEELQKK,17942557,100
>HIP1014,KWLDAFYKDVAKELEKAF,2170446,100
>HIP1015,KAFEEVLAKKFYDKALWD,2170446,100
>HIP1156,NKPFVFLM,22406118,100
>HIP140,AAAMSQVTN,15113844,100
>HIP179,AAYFLLKLAGRW,16854053,100
>HIP557,AEAIPMSIPPEVKFNKPFVF,17448989,100
>HIP630,LAAIPMSIPPEVKFNKPFVF,17448989,100
>HIP661,LEAIPMSIPPEVKFNKPAVF,17448989,100
>HIP662,LEAIPMSIPPEVKFNKPFAF,17448989,100
>HIP663,LEAIPMSIPPEVKFNKPFVA,17448989,100
>AVP0128,INFYDPLVFPSDEFDASISQVNEKINQSLAFIRKS,8700906,93
>AVP0127,IINFYDPLVFPSDEFDASISQVNEKINQSLAFIRK,8700906,91
>AVP0092,YLHRIDLGPPISLERLDVGTNLGNAIAKLEDAKEL,8700906,90.7
>HIP162,ACWWAAIKQEF,16854053,90
>AVP1737,HRILMRIRQMMA,22743126,89.412
>AVP0964,GWWYKGRARAVSAVA,19558186,89
>AVP0091,VYLHRIDLGPPISLERLDVGTNLQNAIAKLEDAKE,8700906,85.3
>HIP770,RMIYKNILFYLVPGPGHGAEPERRNIKYL,12054767,85
>AVP2001,FHFEVFNFVPCSICSNNPTCWAICKRIPNKKPGKK,11487583,80
>AVP0208,LPRRLHLEPAFLPYSVKAHEC,12857903,75
>AVP1494,YLQELLGE,15182185,74.3
>AVP0428,ILMAFSIDSPDSLEN,15113882,72.368
>AVP0111,TLNNSVALDPIDISIELNKAKSDLEESKEWIRRSN,8700906,72
>AVP0429,ILMCFSINSPNSLQN,15113882,70.875
>HIP225,YQLLIRAIYKNI,12054767,70
>HIP270,INLKAIAALAKKLL,20086159,67.6
>AVP0967,AETVESCLAKPHTEN,19558186,66
>HIP237,GIFDKLAKEISIW,20086159,65.8
>HIP241,GLWEKIDKFASII,20086159,65.8
>HIP185,KRIVQRIKDFLR,18591279,63.5
>AVP0110,ITLNNSVALDPIDISIELNKAKSDLEESKEWIRRS,8700906,62
>HIP164,ACWWAGIAQEF,16854053,62
>AVP1482,YQDVNCTDVSTAIHADQLTP,US7491489,61.704
>HIP269,FRPALIVRTKGTRL,20086159,61.4
>AVP1478,PTTFMLKYDENGTITDAVDC,US7491489,60.018
>AVP1994,ATHTICDRNHTW,11932408,60
>HIP263,RLFDKIRQVIRKF,18591279,58.1
>AVP1733,HRILMRIRQAMT,22743126,57.981
>AVP1732,ARILMRIRQMMT,22743126,56.123
>AVP1731,HRILMRIRQMMT,22743126,56
>AVP1730,HRIAMRIRQMMT,22743126,54.587
>HIP365,VDKPDYRPRPRPPNM,20086159,54.4
>AVP1986,WEDAVRWI,12610147,53.753
>AVP1989,WEDWVRAI,12610147,53.753
>AVP0963,GAWYKGRARPVSAVA,19558186,53
>HIP189,RPRLSHKGPMPF,10802050,52.209
>AVP0966,DFRRLPGAFWQLRQP,19558186,52
>AVP1925,CSIELSDIPLSVDFNTMID,14576104,50
>AVP1932,TDVILMAFSIDSPDSLENI,14576104,50
>AVP1945,TDVILMCFSI,14576104,50
>AVP1946,TDVILMCFSIDSP,14576104,50
>AVP1951,CFSIDSPDSLENI,14576104,50
>AVP1958,ILMCFSIDS,14576104,50
>AVP1959,ILMCFSID,14576104,50
>HIP173,AEPERRNIKYL,12054767,50
>HIP553,KGRGKQGGKVRAKAKTRSS,20086159,50
>HIP297,GRFKRFRKKFKKLFK,18591279,49.6
>HIP736,ILGPVLGLVSDTLDDVLGIL,20086159,49.4
>AVP1855,CNDFRSKTC,19497129,48
>HIP550,GLKKLLGKLLKKLGKLLLK,20086159,47.5
>HIP450,GNNRPVYIPQPRPPHPRI,20086159,47.4
>AVP2042,AKKAAKKAKKAAKKAKKWAKK,15498607,47.3
>HIP159,ACGWAGIKQEF,16854053,46
>HIP549,GKPRPYSPRPTSHPRPIRV,20086159,45.5
>HIP223,YQLLARMIYKNI,12054767,45
>AVP0965,AVASVPRARGKYWWG,19558186,44
>AVP1729,HRILMRIR,22743126,43.502
>AVP0003,ECRSTSYAGAVVNDL,3040743,42
>AVP1770,ALNCYWPLNDYGFYTTTGIGYQPYRVVVLSFEL,16153058,41.6
>HIP742,TRSSRAGLQFPVGRVHRLLRK,20086159,41.1
>AVP2041,AKKAAKKAKKAAKKAKKAAKK,15498607,41
>HIP625,KRIVQRIKDFLRNLVPRTES,18591279,40.5
>HIP227,YQLLIRMIAKNI,12054767,40
>HIP740,RQRVEELSKFSKKGAAARRRK,20086159,40
>AVP1492,ALQELLGQWLKDGGPSSGRPPPS,15182185,36.8
>AVP0424,GIGKFLHSAGKFGKAFVGEIMKS,15081088,36.59
>HIP761,INNYTSLIGSLIEESQNQQEKNEQELLE,US6861059,36.226
>HIP748,RPKHPIKHQGLPQEVLNENLLRF,20086159,36.2
>AVP0596,VLDLIYSLHKQINRGLKKIVL,18287023,36
>AVP1057,RQMRAWGQDYQHGGMGYSC,20582308,36
>AVP1957,ILMCFSIDSP,14576104,35.77
>HIP750,GLNTLKKVFQGLHEAIKLINNHVQ,20086159,35.7
>HIP746,LLGDLLRKSKEKIGKEFKRIVQR,18591279,35.4
>HIP757,IWLTALKFLGKHAAKHLAKQQLSKL,20086159,35.2
>AVP0201,PTSNHSPTSCPPTCPGYRWMCLRRF,12469306,35
>AVP2025,ALDKAEESNSKADKVNVKLT,9527912,35
>HIP226,YQLLIRMAYKNI,12054767,35
>HIP700,SPAIFQSSMTKILEPFRKQN,15790559,35
>AVP0626,RTGRGRRGIYR,18479669,34.6
>AVP1728,HRALMRIRQMMT,22743126,34.181
>AVP1727,HRILMRIRAMMT,22743126,34.136
>HIP755,GAWKNFWSSLRKGFYDGEAGRAIRR,20086159,34.1
>HIP224,YQLLIAMIYKNI,12054767,34
>AVP1641,KKKKYRNIRRPG,18383098,33.889
>AVP1528,AALYKKKIIKKLLES,20347875,33.871
>HIP758,NLVSGLIEARKYLEQLHRKLKNRKV,20086159,33.3
>HIP158,ACAWAGIKQEF,16854053,33
>HIP344,QQLLFIHFRIGCQHS,17490682,33
>HIP703,SWKSMAKKLKEYMEKLKQRA,20086159,32.7
>HIP751,GLRSKIWLWVLLMIWQESNKFKKM,20086159,31.6
>AVP0133,PLVFPSDEFDASISQVNEKINQSLAFIRKSDELLH,8700906,30
>AVP0200,PLSPPLRNTHPQAMQWNSTTF,12469306,30
>HIP1137,AGERIVDIIA,12643937,30
>AVP2032,YGAVVNDL,3012359,29.749
>HIP245,GWLKKIESIIDAF,20086159,29.5
>AVP0004,STSYAGAVVNDL,3040743,29
>AVP0426,ILPWKWPWWPWRR,15081088,28.68
>HIP871,YTSLIHSLIEESQNQQEKNEQELLELDKWASLANAA,US6861059,28.6
>HIP1149,CSSHFPYSQYQFWK,22403408,28
>AVP1527,KNGRKLCLDLQAALY,20347875,27.855
>AVP0623,RTQRRGRTGRGKPGIYR,18479669,27.1
>AVP0585,WICEVLSDFK,18287023,27
>AVP0586,CEVLSDFK,18287023,27
>AVP0606,SWLRDIWDWICEV,18287023,27
>AVP0617,SWLRDIWDWICE,18287023,27
>AVP0618,SWLRDIWDWI,18287023,27
>AVP0619,SWLRDIWD,18287023,27
>AVP0620,LRDIWDWICEVLSDFK,18287023,27
>AVP0621,DIWDWICEVLSDFK,18287023,27
>AVP0622,WDWICEVLSDFK,18287023,27
>AVP1493,ALQELLGEYIQWLKDGGPSSGRPPPS,15182185,26.2
>HIP816,IEESQNQQEKNEQELLELDKWASLWNWFNITNWLWL,US6861059,25.91
>AVP1180,VSTALPQWRIYSYAGDNI,22378192,25
>AVP1181,ALPQWRIYSYAGDNIVTA,22378192,25
>AVP1188,AGALMFAWLLLGLQGIFN,22378192,25
>AVP1189,MASAGMQILGVVLTLLGW,22378192,25
>AVP1190,MANSGLQLLGFSMALLGW,22378192,25
>AVP1191,MASTGLELLGMTLAVLGW,22378192,25
>AVP2006,KPNNDFHFEVFNFVPCSICSNNPTCWAICKRI,11487583,25
>AVP2046,ARRAKRRARRAKRRARRKKRR,15498607,24.6
>AVP0624,STQRRGRTGRGRRGIYR,18479669,24.3
>HIP633,LEAIAMSIPPEVKFNKPFVF,17448989,23.5
>HIP647,LEAIPMSAPPEVKFNKPFVF,17448989,23.46
>AVP0216,ACFPWGKEYCGGK,12951030,22
>AVP2034,YAGAVVNDLL,3012360,22
>AVP1772,ATCYCRTGRCATRESRSGVCEISGRLYRLCCR,23269800,21.93
>AVP1178,GWIGAIVSTALPQWRIYS,22378192,21.5
>AVP1811,GICRCICGRGICRCICGRIGGRVPGVGVPGVGHHHHHH,23171075,21.4
>HIP209,TAYFLLKLAGRW,16854053,21
>HIP238,GIIDIAKKLFESW,20086159,20.1
>AVP0130,FYDPLVFPSDEFDASISQVNEKINQSLAFIRKSDE,8700906,20
>AVP0207,RRLHLEPAFLPYSVKAHECC,12857903,20
>AVP1059,RRRRRRRRHPAEPGSTVTTQNTASQTMS,20686048,20
>AVP1225,LLDCWVRLGRYLLRRLKTPFT,23175359,20
>AVP1228,LDCWVRLGRYLLRRLKTPFTRL,23175359,20
>AVP1234,VRLGRYLLRRLKTPFTRL,23175359,20
>HIP1013,DWLKAFYDKVAEKLKEAF,2170446,20
>HIP260,QRPRLSHKGPMPF,10802050,19.745
>AVP1490,YKFACPECPKRFMRSDHLSKHITLHELLGEERR,15182185,19.3
>AVP0135,VFPSDEFDASISQVNEKINQSLAFIRKSDELLHNV,8700906,19
>AVP0430,GSRVQIRCRFRNSTR,15130536,19
>AVP1943,TDVILMCFSIDSPDSLEAI,14576104,18.47
>AVP2044,ARRAWRRARRAARRARRAARR,15498607,18.2
>AVP1764,FKPSSPPSITLW,21176936,17.489
>HIP658,LEAIPMSIPPEVKFAKPFVF,17448989,17.41
>AVP2039,FLQDSKAELEKARKILSEVG,12586338,17
>AVP1949,VILMCFSIDSPDSLENI,14576104,16.95
>HIP268,FLFPLITSFLSKVL,20086159,16.7
>HIP648,LEAIPMSIAPEVKFNKPFVF,17448989,16.33
>HIP1147,ILPWKWPWWPWPP,15482931,16
>AVP1938,TDVILMCFSIDSADSLENI,14576104,15.32
>AVP1224,LLDCWVRLGRYLLRRLKTPFTRL,23175359,15
>AVP2021,SMEKLAGFGAVGAGATAEETRRMLHRAFDTLA,10220447,15
>HIP664,LEAIPMSIPPEVKFNKPFVF,17448989,14.79
>HIP222,YQLAIRMIYKNI,12054767,14
>AVP1484,QYGSFCTQLNRALSGIAAEQ,US7491489,13.854
>AVP0608,SWLRDIWDWISEVLSDFK,18287023,13.5
>AVP1768,ATCYCRRGRCATRESLSGVCEISGRLYRLCCR,23269800,13.041
>AVP0102,ISLERLDVGTNLGNAIAKLEDAKELLESSDQILRS,8700906,13
>AVP0140,EFDASISQVNEKINQSLAFIRKSDELLHNVNAGKS,8700906,13
>AVP0214,ACFPWGNTWCGGK,12951030,13
>AVP0610,SWLRDIWDWIEEVLSDFK,18287023,13
>AVP2045,ARRAKRRARRAARRARRKARR,15498607,13
>HIP634,LEAIPASIPPEVKFNKPFVF,17448989,13
>HIP660,LEAIPMSIPPEVKFNKAFVF,17448989,12.72
>AVP0609,SWLRDIWDWIREVLSDFK,18287023,12.5
>AVP1177,AFLGWIGAIVSTALPQWR,22378192,12.5
>AVP1954,ILMCFSIDSPDSL,14576104,12.4
>AVP0103,SLERLDVGTNLGNAIAKLEDAKELLESSDQILRSM,8700906,12.3
>AVP0020,RRLQVGGGTLKFFLT,8380075,12
>AVP1233,WVRLGRYLLRRLKTPFTR,23175359,12
>AVP1801,NADIIKSLIRKTIINASKNTASLSILQHLYVLRS,21518442,12
>AVP2005,KPPSKPNNDFHFEVFNFVPCSICSNNPTCWAICKRI,11487583,12
>HIP1146,WQCLTLTHRGFVLLTITVLR,18201721,12
>HIP1115,WNSLKIDNLDV,19801648,11.9
>AVP1821,RGGRLCYCRRRFCVCVGR,23093838,11.7
>HIP240,GLFDIIKKIAESW,20086159,11.7
>AVP1767,ATCYCRTGRCATRESLSGVCEIRGRLYRLCCR,23269800,11.683
>AVP1766,ATCYCRTGRCATRESLSGVCEISGRLYRLCCR,23269800,11.62
>AVP1929,TDVALMCFSIDSPDSLENI,14576104,11.6
>HIP239,GIWSDLAEIIKKF,20086159,11.4
>AVP0595,SWLRDIWDWICEVL,18287023,11.3
>AVP0202,LPRRLHLEPAFLPYSVKAHECC,12857903,11
>AVP1716,TLKPIFKLPLGINITNFR,19853613,11
>AVP1820,LFRLIKSLIKRLVSAFK,22791717,11
>HIP1143,LQDSGLEVNIVTDSQYALGI,16879966,11
>HIP228,YQLLIRMIYANI,12054767,11
>HIP230,YQLLIRMIYKNA,12054767,11
>HIP650,LEAIPMSIPPAVKFNKPFVF,17448989,11
>HIP659,LEAIPMSIPPEVKFNAPFVF,17448989,10.81
>HIP741,SKEKIGKEFKRIVQRIKDFLR,18591279,10.8
>HIP244,GWFDIIKKIASEL,20086159,10.7
>HIP651,LEAIPMSIPPEAKFNKPFVF,17448989,10.64
>AVP0191,FLFAFRIFKRVFKKFRKLFKRAF,12208971,10.51
>AVP1487,IPESSELTLQELLGEERR,15182185,10.5
>HIP236,GFLDIIEKIAKSW,20086159,10.5
>AVP0099,GPPISLERLDVGTNLGNAIAKLEDAKELLESSDQI,8700906,10.1
>AVP0014,ALLGRMKG,7892246,10
>AVP1161,EELRVRLASHLRKLRKRLLRDADDLQKRLAVY,22334503,10
>AVP1162,CEEIRARLSTHLRKMRKRLMRDADDLQKRLAVY,22334503,10
>AVP1163,CEEQAQQIRLQAEAFQARLKSWFEPLVEDM,22334503,10
>AVP1164,CVRLASHLRKLRKRLLRDADDL,22334503,10
>AVP1165,CIRLQAEAFQARLKSWFEPLV,22334503,10
>AVP1167,LRVRLASHLRKLRKRLLRDADDLQKRLAVY,22334503,10
>AVP1168,EELRVRLASHLRKLRKRLLRDADDL,22334503,10
>AVP1169,VRLASHLRKLRKRLLRDADDLQKRLAVY,22334503,10
>AVP1172,CLRKLRKRLLRC,22334503,10
>AVP1192,ATSSANSKA,22465300,10
>AVP1223,LLDCWVRLGRYLLRRLKT,23175359,10
>AVP1565,VALDPIDISIELNKAKSDLEESKEWIRR,16973588,10
>HIP266,AEAMSQVTNTATIM,15113844,10
>AVP1942,TDVILMCFSIDSPDSLANI,14576104,9.83
>AVP1849,FKCRRWQWRMKKLGAPSITCVRRAFA,17481742,9.7
>AVP1762,HVTTTFAPPPPR,21176936,9.054
>AVP0018,YRWRGPTAAFLSLV,8380075,9
>AVP1805,RIILGQCIKREAEAAIEQIFRTKYNDSH,21518442,9
>AVP1816,FNVALDQVFESIENSQALVDQSNRILSSAE,17967906,9
>AVP1817,FNVALDQVFESIENSQALVDQSNRILSSAEKGN,17967906,9
>AVP1818,NVALDQVFESIENSQALVDQSNRILSSA,17967906,9
>HIP777,QLLIRMIYKNILFYLVPGPGHGAEPERRNIKYL,12054767,9
>AVP1176,FILAFLGWIGAIVSTALP,22378192,8.9
>AVP0195,FAIAIKAIKKAIKKIKKAIKKAI,12208971,8.71
>AVP0820,CFLNITNSHVSILQEAPPLENAV,19114713,8.5
>AVP1765,ATCYCRTGRCATRESLSGVCRISGRLYRLCCR,23269800,8.226
>AVP0132,DPLVFPSDEFDASISQVNEKINQSLAFIRKSDELL,8700906,8
>AVP0136,FPSDEFDASISQVNEKINQSLAFIRKSDELLHNVN,8700906,8
>AVP0142,DASISQVNEKINQSLAFIRKSDELLHNVNAGKSTT,8700906,8
>AVP1056,RWMVWRHWFHRLRLPYNPGKNKQNQQWP,20582308,8
>AVP1804,CTEEHIVATELVIQEMYIKINVKNSP,21518442,8
>HIP218,YALLIRMIYKNI,12054767,8
>HIP948,GKKYRRFRWKFKFGKWFWFG,22457281,8
>AVP0192,KRKRAVKRVGRRLKKKLARKIARLGVAF,12208971,7.82
>AVP1183,MANAGLQLLGFILAFL,22378192,7.6
>AVP1924,TDVILMCFSIDSPDSLENI,14576104,7.6
>AVP0017,RGILIHNTIFGEQVF,8380075,7.5
>HIP596,GIKEWKRIVQRIKDFLRNLV,18591279,7.4
>AVP1950,ILMCFSIDSPDSLENI,14576104,7.17
>HIP749,VFQFLGRIIHHVGNFVHGFSHVF,20086159,7.1
>AVP0194,FALALKALKKALKKLKKALKKAL,12208971,7.07
>AVP2011,KPPSKPNNDFHFEVFNF,11487583,7
>HIP1151,SGIVQQQNNLLRAIEAQQHLLQLTVWGIKQLQARIL,22235115,7
>HIP1170,IYWNVSGW,19053244,7
>HIP581,ELVNQIIEQLIKKEKVYLAW,15790559,6.9
>AVP1934,TDVILMCFAIDSPDSLENI,14576104,6.82
>AVP0613,SWLRDIWDWICKVLSDFK,18287023,6.8
>AVP1208,CAGKRKSG,22780881,6.7
>AVP0421,AALEAKICHQIEYYFGDF,15016896,6.688
>AVP1928,TDAILMCFSIDSPDSLENI,14576104,6.6
>AVP0098,LGPPISLERLDVGTNLGNAIAKLEDAKELLESSDQ,8700906,6.5
>AVP0962,RAVWRHSVATPSHSV,19558186,6.5
>AVP0169,SLLGRMKG,9843489,6.4
>AVP1955,ILMCFSIDSPDS,14576104,6.36
>AVP1933,TDVILMCASIDSPDSLENI,14576104,6.29
>AVP0113,NNSVALDPIDISIELNKAKSDLEESKEWIRRSNQK,8700906,6
>AVP0131,YDPLVFPSDEFDASISQVNEKINQSLAFIRKSDEL,8700906,6
>AVP0137,PSDEFDASISQVNEKINQSLAFIRKSDELLHNVNA,8700906,6
>AVP0138,SDEFDASISQVNEKINQSLAFIRKSDELLHNVNAG,8700906,6
>AVP0218,ACFPWGNQWCGGK,12951030,6
>AVP1797,AWDFGSVGGLFTSLGKAVHQVFGSVYTIM,20881042,6
>AVP2024,ALDKAEESNSKLDKVNVKLT,9527912,6
>HIP1140,PDIVIYQYMDDLYVGSDLEI,16879966,6
>HIP1142,ETWETWWTEYWQATWIPEWE,16879966,6
>AVP2033,YAGAVVNDL,3012359,5.929
>AVP0817,LNITNSHVSILQERPPLENRVL,19114713,5.8
>HIP955,APKEWMEWDREINNYTSLIHSLIKQGI,11118065,5.8
>AVP0097,DLGPPISLERLDVGTNLGNAIAKLEDAKELLESSD,8700906,5.7
>AVP0173,KGSVVIVGRIILSGRK,10574908,5.7
>AVP0186,FAVGLRAIKRALKKLRRGVRKVAKDL,12208971,5.47
>AVP1930,TDVIAMCFSIDSPDSLENI,14576104,5.42
>HIP917,TTWEAWDRAIAEYAARIEALIRALQELQEKLEAILREL,17640899,5.263
>AVP0146,DLSNQINSINKSLKSAEDWIADSNFFANQARTAK,8806544,5.1
>AVP1186,MANAGLQLLGFILAFLGWIGAIVS,22378192,5.1
>AVP0460,YDHIQDHVNTMFSRLATSWCLLQNKERALWAEAA,15269351,5
>AVP0464,SDHSESIQKKFQLMKEHVNKIGVDS,15564453,5
>AVP1227,LLDCWVRLGRYLLRRLK,23175359,5
>AVP1515,SWLRDIWDWGCEVLSDFK,21801309,5
>AVP1516,SWLRDIWDWSCEVLSDFK,21801309,5
>AVP1517,SWLRDIWDWECEVLSDFK,21801309,5
>AVP1518,SWLRDIWDWKCEVLSDFK,21801309,5
>AVP1708,PRPISYLKGSSGGPL,22910295,5
>AVP2047,IFKAIWSGIKSLF,20950663,5
>HIP144,AEAMSQVTN,15113844,5
>HIP148,YQLLIRMIY,12054767,5
>HIP231,YQLLIRMIYKNI,12054767,5
>AVP0096,IDLGPPISLERLDVGTNLGNAIAKLEDAKELLESS,8700906,4.9
>AVP1944,TDVILMCFSIDSPDSLENA,14576104,4.89
>HIP620,KILEPFRKQNPDIVIYQYMD,15790559,4.8
>HIP655,LEAIPMSIPPEVAFNKPFVF,17448989,4.73
>AVP1983,AEDWVRWI,12610147,4.623
>HIP657,LEAIPMSIPPEVKANKPFVF,17448989,4.62
>AVP1956,ILMCFSIDSPD,14576104,4.61
>AVP1367,ADGSLLGRMKGAAG,US6544520,4.5
>HIP551,GLRRLLGRLLRRLGRLLLR,20086159,4.4
>AVP1936,TDVILMCFSIASPDSLENI,14576104,4.36
>AVP1175,LLGFILAFLGWIGAIVST,22378192,4.3
>HIP203,TAYFLLILAGRW,16854053,4.1
>AVP0188,GAKKGAKKGKKGAKKGAKGAGAKGAGAFKKKK,12208971,4.07
>AVP0553,GYFVQDDGEWKFTGSSYYY,16616792,4
>AVP0591,SWRLIDWDWICEVLSDFK,18287023,4
>AVP1171,CLRVRLASHLRKLRKRLLRDADDL,22334503,4
>AVP1185,MANAGLQLLGFILAFLGWIGAI,22378192,4
>AVP1230,LDCWVRLGRYLLRRLKTP,23175359,4
>AVP1514,SWLRDIWDWACEVLSDFK,21801309,4
>AVP1802,HMNASDMEIKSYINMIESVEESSNYDF,21518442,4
>HIP1175,ITFEDLLDYYGP,18374356,4
>AVP1935,TDVILMCFSADSPDSLENI,14576104,3.52
>AVP0016,GQPEEGAPCQVVLQGA,8380075,3.5
>AVP1235,MAILGDTAWDFGSLGGVFTSIGKALHQVFGAIY,23226444,3.5
>AVP1953,ILMCFSIDSPDSLE,14576104,3.5
>HIP1133,QETAYFLLKLAGRWP,12643937,3.5
>AVP0677,CCFLRIQNDSIIRLGDLQPLSQRVSTDWQ,18680566,3.49
>HIP654,LEAIPMSIPPEVAFAKPFVF,17448989,3.45
>AVP0175,RGGSVVIVGRIILSGRK,10574908,3.4
>AVP0422,KWKVFKKIEKMGRNIRNGIVKAGPAIAVLGEAKAL,15081088,3.4
>HIP235,FKRIVQRIKDFLR,18591279,3.4
>AVP0187,KRKRAVKRVGRRLKKLARKIARLGVAKLAGLRAVKLF,12208971,3.38
>AVP0197,AVKRVGRRLKKLARKIARLGVAF,12208971,3.37
>AVP1831,SISNALNKLEESNRNLDKVNVKLT,12127571,3.27
>AVP1814,LESEVTAIKNALKKTNEAVSTLGNGVRVLATAVRE,17967906,3.24
>AVP0961,GWWYKGRARPVSAVA,19558186,3.2
>HIP453,GRFKRFRKPFKKLFKKIS,18591279,3.2
>AVP0101,PISLERLDVGTNLGNAIAKLEDAKELLESSDQILR,8700906,3.1
>AVP0189,FAKKFAKKFKKFAKKFAKFAFAF,12208971,3.05
>HIP756,HVDKKVADKVLLLKQLRIMRLLTRL,20086159,3.05
>AVP0980,LLFLKVPAQNAISTTFPYT,19841738,3
>AVP0981,FLKVPAQNAISTTFPYT,19841738,3
>AVP0982,KVPAQNAISTTFPYT,19841738,3
>AVP0992,MDVNPTLLF,19841738,3
>AVP0993,MDVNPTLL,19841738,3
>AVP0998,MDVNPTLLFIDVPAQ,19841738,3
>AVP1001,MDVNPTFLFLKVPAQ,19841738,3
>AVP1226,LLDCWVRLGRYLLRRLKTP,23175359,3
>AVP1579,FWFTLIKTQAKQPARYRRFC,21093488,3
>HIP947,GCKKYRRFRWKFKGKFWFWG,22457281,2.9
>AVP0196,FKVKAKVKAKVKAKVKAKKKK,12208971,2.85
>AVP1939,TDVILMCFSIDSPASLENI,14576104,2.61
>AVP1926,ADVILMCFSIDSPDSLENI,14576104,2.56
>AVP0172,CRFPNITNSHVPILQERPPLENRVLTGWGL,10516085,2.5
>HIP961,KWKLFKKIEKVGQNIRDGIIKAGPAVAVVGQATQIAK,9568968,2.5
>AVP0168,SLLGRMKGA,9843489,2.4
>AVP1941,TDVILMCFSIDSPDSAENI,14576104,2.27
>AVP1937,TDVILMCFSIDAPDSLENI,14576104,2.26
>AVP0094,HRIDLGPPISLERLDVGTNLGNAIAKLEDAKELLE,8700906,2.2
>AVP0147,ELNKAKSDLEESKEWIRRSNQKLDSIGNWHQSSTT,8806544,2.2
>HIP737,ILGPVLGLVSRTLRRVLGIL,20086159,2.2
>AVP0602,SWLRDVWDWVCTILTDFK,18287023,2.1
>HIP743,FFHHIFRGIVHVGKTIHRLVTG,20086159,2.1
>HIP1114,WIHAEIKNSLKIDNLDVNRCIEALD,19801648,2.02
>AVP0115,SVALDPIDISIELNKAKSDLEESKEWIRRSNQKLD,8700906,2
>AVP0122,DISIELNKAKSDLEESKEWIRRSNQKLDSIGNWHQ,8700906,2
>AVP0123,ISIELNKAKSDLEESKEWIRRSNQKLDSIGNWHQS,8700906,2
>AVP0125,IELNKAKSDLEESKEWIRRSNQKLDSIGNWHQSST,8700906,2
>AVP0548,GYHLMSFPQAAPHGVVFLHVTW,16616792,2
>AVP0549,GVFVFNGTSWFITQRNFFS,16616792,2
>AVP1232,CWVRLGRYLLRRLKTPFT,23175359,2
>AVP2020,NILRLKESITATIEAVHEVTDGLS,10364347,2
>AVP2023,ALDKLEESNSKLDKVNVKLT,9527912,2
>HIP1135,AGERIVDIIATDIQ,12643937,2
>AVP1702,FLGFLKNLF,23415044,1.965
>AVP0095,RIDLGPPISLERLDVGTNLGNAIAKLEDAKELLES,8700906,1.7
>AVP0587,SGSWLRDIWDWICEVLSDFK,18287023,1.7
>AVP0589,SWLRDIWDWICEVLSDFKT,18287023,1.7
>AVP0614,SWLDRIWRWICKVLSRFE,18287023,1.7
>HIP1167,TRQARRNRRRWRERQR,20580677,1.7
>HIP956,APKEWMAWAREIAAYAKLIAALI,11118065,1.7
>HIP1162,RINNIPWSEAMM,14967033,1.6
>HIP594,GIKEFKREFQRIKDFLRNLV,18591279,1.6
>HIP899,LLGDLLRKSKEKIGKEFKRIVQRIKDFLRNLVPRTES,18591279,1.6
>AVP1790,AWDFGSIGGVFTSVGKLVHQVFGTAYGVL,20881042,1.5
>AVP1808,FFVIFYRRKK,22258859,1.482
>AVP1931,TDVILACFSIDSPDSLENI,14576104,1.43
>AVP1505,SWLRDLWDWICEVLSDFK,21801309,1.4
>AVP1508,SWLRDLWDWLCEVLSDFK,21801309,1.4
>AVP1513,SWLRDIWDWVCEVLSDFK,21801309,1.4
>AVP1927,TAVILMCFSIDSPDSLENI,14576104,1.37
>HIP836,REINNYTSLIHSLIEESQNQQEKNEQELLELDKWAS,US6861059,1.347
>HIP652,LEAIPMSIPPEFLFGKPFVF,17448989,1.34
>AVP0185,FRFKIKFRLKFRFKARFKFRAKFRA,12208971,1.32
>HIP762,INNYTSLIHSLIEESQNQQEKNEQELLE,US6861059,1.267
>HIP752,GLRSRIWLWVLLMIWQESNRFKRM,20086159,1.25
>AVP1948,DVILMCFSIDSPDSLENI,14576104,1.23
>AVP1506,SWLRDIWDWLCEVLSDFK,21801309,1.2
>AVP1507,SWLRDIWDWICELLSDFK,21801309,1.2
>AVP1511,SWLRDLWDWLCELLSDFK,21801309,1.2
>HIP960,GIGAVLKVLTTGLPALISWIKRKRQQ,9568968,1.2
>AVP1858,IQKEIDRLNEVAKNLNESLIDLQELGK,15184046,1.19
>AVP1718,YENQKQIANQFNKAISQIQESLTTTSTA,18442051,1.16
>AVP0427,ILMCFSIDSPDSLEN,15113882,1.132
>AVP1701,FLGFLHHLF,23415044,1.115
>AVP0100,PPISLERLDVGTNLGNAIAKLEDAKELLESSDQIL,8700906,1.1
>HIP595,GIKEFKRIVQRIKDFLRNLV,18591279,1.08
>AVP1585,GINASVVNIQKEIDRLNEVAKNL,18983873,1.04
>AVP2057,LFGLIPSLIGGLVSAFK,21620914,1.03
>AVP0021,FLDSKAELEKARKILSEVGRWY,8521809,1
>AVP0112,LNNSVALDPIDISIELNKAKSDLEESKEWIRRSNQ,8700906,1
>AVP0116,VALDPIDISIELNKAKSDLEESKEWIRRSNQKLDS,8700906,1
>AVP0124,SIELNKAKSDLEESKEWIRRSNQKLDSIGNWHQSS,8700906,1
>AVP0179,CTLTTKLYC,12021868,1
>AVP0210,QLESLTDRELLLLIARKTCGSVE,12912982,1
>HIP646,LEAIPMCIPPECAFNKPFVF,17448989,1
>HIP786,WMEWDREINNYTSLIHSLIEEWQNQQEKNEQELL,19073606,1
>HIP957,APKEWMAWAREIAAYAKLIAALIKQGI,11118065,1
>AVP0583,SWLRDIWDWICEVLSD,18287023,0.98
>HIP388,GFKRIVQRIKDFLRNLV,18591279,0.98
>AVP0184,FLAAARIAKRVAKKARKLAKRAARKRK,12208971,0.94
>HIP640,LEAIPCSIPPCVFFNKPFVF,17448989,0.93
>HIP597,GIKQFKRIVQRIKDFLRNLV,18591279,0.91
>AVP0990,MDVNPTLLFLK,19841738,0.899
>AVP0616,SWLRRIWRWICKVLSRFK,18287023,0.89
>HIP361,TWAGVEAIIRILQQL,17490682,0.88
>AVP0423,KVLTTGLPALISWIKRKRQQ,15081088,0.86
>AVP0615,SWLRDIWRWICKVLSRFK,18287023,0.84
>AVP1700,FLHFLHHLF,23415044,0.811
>AVP0019,SSSTSTQVQILSNAL,8380075,0.8
>AVP1170,CVRLASHLRKLRKRLLRDADDLQKRLAVY,22334503,0.8
>AVP1371,MHRSLLGRMKGA,US6544520,0.8
>AVP1584,GINASVVNIQKEIDRLNEVAKNLNESLIDL,18983873,0.8
>AVP0584,SWLRDIWDWICEVLSDFK,18287023,0.79
>AVP1365,GSLLGRMKGA,US6544520,0.79
>AVP1509,SWLRDLWDWICELLSDFK,21801309,0.78
>AVP1572,VANDPIDISIELNKAKSDLEESKEWIRRSNQKLDSI,16973588,0.75
>AVP1574,VANDPIDISIELNKAKSDLEESKEWIRRSNQKLDSD,16973588,0.75
>HIP860,YTSLIHSLIEEKQNQQEKNEQELLELDKWASLWNWF,19073606,0.708
>AVP0177,RRKKAAVALLPAVLLALLAP,11222686,0.7
>AVP0978,VNPTLLFLKVPAQNAISTTFPYT,19841738,0.662
>HIP656,LEAIPMSIPPEVFFNKPFVF,17448989,0.66
>AVP0989,MDVNPTLLFLKV,19841738,0.644
>AVP1583,GINASVVNIQKEIDRLNEVAKNLNESLIDLQELGKYE,18983873,0.62
>HIP838,SLEQIWNNMTWMEWDREINNYTSLIHSLIEESQNQQ,US6861059,0.597
>HIP819,IWNNMTWMEWDREINNYTSLIHSLIEESQNQQEKNE,US6861059,0.593
>HIP1171,FWNWLSAWIKKTYEEIKKTYEEIKKTYEEIERDWEMV,18662985,0.58
>AVP0603,DWLRIIWDWVCSVVSDFK,18287023,0.55
>AVP0588,GSWLRDIWDWICEVLSDFK,18287023,0.51
>AVP0590,SWLRDIWDWICEVLSDFKTW,18287023,0.51
>AVP1160,CEELRVRLASHLRKLRKRLLRDADDLQKRLAVY,22334503,0.5
>AVP1370,HRSLLGRMKGA,US6544520,0.5
>AVP0979,PTLLFLKVPAQNAISTTFPYT,19841738,0.483
>AVP0598,KFDSLVECIWDWIDRLWS,18287023,0.48
>AVP0182,FKLRAKIKVRLRAKIKL,12208971,0.46
>HIP864,YTSLIHSLIEEPQNQQEKNEQELLELDKWASLWNWF,19073606,0.446
>AVP0600,SIWRDWVDLICEFLSDWK,18287023,0.4
>HIP818,INNYTSLIHSLIEESQNQQEKNEQELLELDKWASLW,US6861059,0.392
>HIP637,LEAIPCSIPPCFLFGKPFVF,17448989,0.39
>HIP866,YTSLIHSLIEERQNQQEKNEQELLELDKWASLWNWF,19073606,0.362
>AVP1573,VALDPIDISIELNKAKSDLEESKEWIRRSNQKLDSD,16973588,0.35
>HIP1168,TRQARRNRRRWRERQRAAAAC,20580677,0.35
>HIP452,GRFKRFRKKFKKLFKKIS,18591279,0.35
>HIP1129,RQLLSGIVQQQNNLLRAIEAQQHLLQK,20605950,0.338
>AVP1993,PPATHTIADRNHTPFSDV,11932408,0.33
>AVP1005,MDVNPHLLFLKVPAQ,19841738,0.292
>AVP1369,RSLLGRMKGA,US6544520,0.29
>HIP855,YTSLIHSLIEEEQNQQEKNEQELLELDKWASLWNWF,19073606,0.283
>HIP639,LEAIPCSIPPCVFFGKPFVF,17448989,0.28
>HIP635,LEAIPCSIPPCFAFNKPFVF,17448989,0.27
>HIP893,YTSLIHSLIQQSQNQQQKNQQQLLQLDKWASLWNWF,US6861059,0.263
>HIP841,SQNQQEKNEQELLELDKWASLWNWFNITNWLWLIKI,US6861059,0.256
>HIP808,EESQNQQEKNEQELLELDKWASLWNWFNITNWLWLI,US6861059,0.255
>HIP812,ESQNQQEKNEQELLELDKWASLWNWFNITNWLWLIK,US6861059,0.255
>HIP832,NQQEKNEQELLELDKWASLWNWFNITNWLWLIKIFI,US6861059,0.253
>HIP835,QNQQEKNEQELLELDKWASLWNWFNITNWLWLIKIF,US6861059,0.252
>AVP1210,ASLRVRIKK,22850525,0.25
>HIP367,VEAIIRILQQLLFIH,17490682,0.22
>AVP1118,ASLRVRIKKQ,21576348,0.21
>HIP854,YTSLIHSLIEEDQNQQEKNEQELLELDKWASLWNWF,19073606,0.21
>HIP858,YTSLIHSLIEEHQNQQEKNEQELLELDKWASLWNWF,19073606,0.21
>AVP0114,NSVALDPIDISIELNKAKSDLEESKEWIRRSNQKL,8700906,0.2
>AVP0119,DPIDISIELNKAKSDLEESKEWIRRSNQKLDSIGN,8700906,0.2
>AVP0625,RRGRTGRGRRGIYR,18479669,0.2
>AVP0818,CFLNITNSHVSILQERPPLENRV,19114713,0.19
>AVP0816,CCFLNITNSHVSILQERPPLENRVLTGWGL,19114713,0.18
>HIP638,LEAIPCSIPPCVAFNKPFVF,17448989,0.18
>AVP1974,QKWEDWVRWIGN,12610147,0.178
>AVP0463,FNLSDHSESIQKKFQLMKEHVNKIG,15564453,0.17
>AVP1984,WADWVRWI,12610147,0.162
>HIP909,TTWEAWDRAIAEYAARIEALIRAAQELQEKLEAALREL,17640899,0.161
>AVP1759,RRKKIFYFFR,22258859,0.155
>AVP1990,WEDWVRWA,12610147,0.15
>HIP839,SLIEESQNQQEKNEQELLELDKWASLWNWFNITNWL,US6861059,0.145
>AVP1857,NGIGVTQNVLYENQKQIANQFNKAISQIQESLTTTSTA,15184046,0.14
>AVP0988,MDVNPTLLFLKVP,19841738,0.138
>HIP870,YTSLIHSLIEESQNQQEKNEQELLELDKPASLWNWF,US6861059,0.137
>AVP1212,GELGRLVYLLDGPGYDPI,22965230,0.125
>AVP1220,GELGRLVYLLDGPGYDPIHCD,22965230,0.124
>AVP0117,ALDPIDISIELNKAKSDLEESKEWIRRSNQKLDSI,8700906,0.1
>AVP1250,HGLASTLTRWAHYNALIRAF,23429490,0.1
>AVP1757,AWDFGSLGGVFTSIGKALHQVFGAIYGAA,20881042,0.1
>AVP1758,AWDFGSVGGVLNSLGKMVHQIFGSAYTAL,20881042,0.1
>AVP1985,WEAWVRWI,12610147,0.1
>AVP1756,WLVFFVIFYFFR,22258859,0.094
>HIP1113,DQAEHLKTAVQMAVFIHNYKA,22742518,0.085
>HIP824,LVQPRGPRSGPGPWQGGRRKFRRQRPRLSHKGPMPF,10802050,0.085
>HIP828,NKSLEQIWNNMTWMEWDREINNYTSLIHSLIEESQN,US6861059,0.078
>AVP0120,PIDISIELNKAKSDLEESKEWIRRSNQKLDSIGNW,8700906,0.07
>AVP1987,WEDWARWI,12610147,0.069
>AVP0145,LHRIDLGPPISLERLDVGTNLGNAIAKLEDAKELL,8700906,0.068
>HIP820,KSLEQIWNNMTWMEWDREINNYTSLIHSLIEESQNQ,US6861059,0.067
>HIP793,INNYTSLIHSLIEESQNQQEKNEQELLELDKWASL,US6861059,0.065
>AVP1977,WEDWVRWI,12610147,0.057
>AVP0143,FDASISQVNEKINQSLAFIRKSDELLHNVNAGKST,8700906,0.051
>HIP1126,IRKAHCNISRAKWND,21264298,0.05
>HIP1127,IRKAHCNISRADWND,21264298,0.05
>HIP821,LEQIWNNMTWMEWDREINNYTSLIHSLIEESQNQQE,US6861059,0.049
>HIP822,LIEESQNQQEKNEQELLELDKWASLWNWFNITNWLW,US6861059,0.047
>HIP784,WMEWDREINNYTSLIHSLIEEPQNQQEKNEQELL,19073606,0.046
>AVP1008,MNINPYPLFIDVPIQ,19841738,0.045
>AVP1006,MDVNPCLLFLKVPAQ,19841738,0.044
>AVP0986,MDVNPTLLFLKVPAQ,19841738,0.043
>AVP1558,VYTDKVDISSQISSMNQSLQQSKDYIKEAQKILDTV,16973588,0.04
>HIP767,VQQQNNLLRAIEAQQHLLQLTVWGIKQL,US6861059,0.036
>HIP814,HSLIEESQNQQEKNEQELLELDKWASLWNWFNITNW,US6861059,0.036
>AVP0987,MDVNPTLLFLKVPA,19841738,0.035
>HIP765,QHLLQLTVWGIKQLQARILAVERYLKDQ,US6861059,0.035
>AVP0983,MDVNPTLLFLKVPAQNAIST,19841738,0.034
>HIP865,YTSLIHSLIEEQQNQQEKNEQELLELDKWASLWNWF,19073606,0.034
>HIP919,TTWEAWDRAIAEYAARIEALIRALQELQEKNEAILREL,17640899,0.031
>AVP0118,LDPIDISIELNKAKSDLEESKEWIRRSNQKLDSIG,8700906,0.03
>AVP1975,WEDWVRWIGNIP,12610147,0.03
>HIP764,QARQLLSQIVQQQNNLLRAIEAQQHLLQ,US6861059,0.03
>AVP0984,MDVNPTLLFLKVPAQNAI,19841738,0.029
>HIP817,IHSLIEESQNQQEKNEQELLELDKWASLWNWFNITN,US6861059,0.029
>HIP889,YTSLIHSLIEEWQNQQEKNEQELLELDKWASLWNWF,19073606,0.029
>HIP763,MTLTVQARQLLSQIVQQQNNLLRAIEAQ,US6861059,0.028
>HIP831,NNYTSLIHSLIEESQNQQEKNEQELLELDKWASLWN,US6861059,0.027
>AVP1214,GELGRPVYVLGDPGYYATHCIYATTNDALIFSV,22965230,0.026
>HIP1164,YGGIKKEIEAIKKEQEAIKKKIEAIEKEIEA,11572974,0.026
>HIP890,YTSLIHSLIEEYQNQQEKNEQELLELDKWASLWNWF,19073606,0.025
>AVP1222,RQIKINFQNRRMKNKKGELDELVYLLDGPGYDPIHS,22965230,0.024
>AVP1221,GELDELVYLLDGPGYDPIHS,22965230,0.023
>AVP1832,KQNAANILRLKESIAATNEAVHEV,12127571,0.023
>HIP1125,AVGIGAMFLGFLGAAGSTMGAAS,22520838,0.023
>HIP804,DREINNYTSLIHSLIEESQNQQEKNEQELLELDKWA,US6861059,0.023
>AVP1002,MDVNPYLLFLKVPAQ,19841738,0.022
>HIP845,WDREINNYTSLIHSLIEESQNQQEKNEQELLELDKW,US6861059,0.022
>HIP905,MTWMAWDRAIANYAALIHALIEAAQNQQEKNEAALLEL,17640899,0.022
>AVP1211,GELGRLVYLLDGPGYDPIHCSLAYGDASTLVVF,22965230,0.021
>AVP0159,ISLERLDVGTNLGNAIAKLEDAKELLESSDQILRSM,9010292,0.02
>AVP1976,QLQKWEDWVRWI,12610147,0.02
>HIP768,VWGIKQLQARILAVERYLKDQQLLGIWG,US6861059,0.02
>HIP863,YTSLIHSLIEENQNQQEKNEQELLELDKWASLWNWF,19073606,0.019
>HIP875,YTSLIHSLIEESQNQQEKNEQELLELDKWASLWNSF,US6861059,0.018
>HIP766,RQLLSQIVQQQNNLLRAIEAQQHLLQLT,US6861059,0.016
>HIP830,NNMTWMEWDREINNYTSLIHSLIEESQNQQEKNEQE,US6861059,0.016
>AVP0144,IDISIELNKAKSDLEESKEWIRRSNQKLDSIGNWH,8700906,0.015
>HIP885,YTSLIHSLIEESQNQQEKNQQELLQLDKWASLWNWF,US6861059,0.015
>HIP918,TTWEAWDRAIAEYAARIEALIRALQELQEKNEAALREL,17640899,0.014
>AVP0999,MNINPTLLFLKVPAQ,19841738,0.013
>AVP1578,KVDISSQISSMNQSLQQSKDYIKEAQRLLDTVNPSL,16026621,0.013
>AVP1973,QLQKWEDWVRWIGNIPQYLKG,12610147,0.013
>HIP913,TTWEAWDRAIAEYAARIEALIRAAQEQQEKLEAVLREL,17640899,0.013
>HIP813,EWDREINNYTSLIHSLIEESQNQQEKNEQELLELDK,US6861059,0.012
>HIP874,YTSLIHSLIEESQNQQEKNEQELLELDKWASLWNAF,US6861059,0.012
>HIP912,TTWEAWDRAIAEYAARIEALIRAAQEQQEKLEAALREL,17640899,0.012
>AVP1218,GELGRLVYLLDGPGYDPIHCDVVTRGGSHLFNF,22965230,0.011
>HIP844,TWMEWDREINNYTSLIHSLIEESQNQQEKNEQELLE,US6861059,0.011
>HIP921,TTWEAWDRAIAEYAARIEALIRALQEQQEKNEAILREL,17640899,0.011
>HIP825,MEWDREINNYTSLIHSLIEESQNQQEKNEQELLELD,US6861059,0.01
>HIP827,MTWMEWDREINNYTSLIHSLIEESQNQQEKNEQELL,17640899,0.009
>HIP856,YTSLIHSLIEEFQNQQEKNEQELLELDKWASLWNWF,19073606,0.009
>HIP868,YTSLIHSLIEESQNQQEKLEQELLELDKWASLWNWF,US6861059,0.009
>HIP920,TTWEAWDRAIAEYAARIEALIRALQEQQEKNEAALREL,17640899,0.009
>AVP1560,VALDPIDISIELNKAKSDLEESKEWIRRSNQKLDSI,16973588,0.008
>HIP906,MTWMEWDREINNYTSLIHSLIEESQNQQEKNEQELLEL,17640899,0.008
>AVP0997,MNINPTLLFLKVPIQ,19841738,0.007
>HIP881,YTSLIHSLIEESQNQQEKNEQELLELNKWASLWNWF,US6861059,0.007
>HIP904,MTWEAWDRAIAEYAARIEALIRAAQEQQEKNEAALREL,17640899,0.007
>HIP892,YTSLIHSLIQESQNQQEKNEQELLELDKWASLWNWF,US6861059,0.006
>HIP910,TTWEAWDRAIAEYAARIEALIRAAQELQEKNEAALREL,17640899,0.006
>HIP916,TTWEAWDRAIAEYAARIEALIRAAQEQQEKNEAILREL,17640899,0.006
>AVP1706,ISGINASVVNIQKEIDRLNEVAKNLNESLIDLQEL,17942557,0.005
>HIP891,YTSLIHSLIEQSQNQQEKNEQELLELDKWASLWNWF,US6861059,0.005
>HIP915,TTWEAWDRAIAEYAARIEALIRAAQEQQEKNEAALREL,17640899,0.005
>HIP924,TTWEEWDREINEYTSRIESLIRESQEQQEKNEQELREL,17640899,0.005
>AVP1705,ISGINASVVNIQEEIKKLNEEAKKLNESLIDLQEL,17942557,0.004
>HIP833,NYTSLIHSLIEESQNQQEKNEQELLELDKWASLWNW,US6861059,0.004
>HIP880,YTSLIHSLIEESQNQQEKNEQELLELDKWASPWNWF,US6861059,0.004
>AVP1003,MDVNPFLLFLKVPAQ,19841738,0.003
>AVP1004,MDVNPWLLFLKVPAQ,19841738,0.003
>HIP785,WMEWDREINNYTSLIHSLIEETQNQQEKNEQELL,19073606,0.003
>HIP823,LIHSLIEESQNQQEKNEQELLELDKWASLWNWFNIT,US6861059,0.003
>HIP882,YTSLIHSLIEESQNQQEKNEQELLQLDKWASLWNWF,US6861059,0.003
>HIP922,TTWEAWDRAIAEYAARIEALIRASQEQQEKNEAELREL,17640899,0.003
>HIP782,WMEWDREINNYTSLIHSLIEEAQNQQEKNEQELL,19073606,0.002
>HIP783,WMEWDREINNYTSLIHSLIEELQNQQEKNEQELL,19073606,0.002
>HIP850,WMEWDREINNYTSLIHSLIEESQNQQEKNEQELLEL,US6861059,0.002
>HIP945,WEEWDKKIEEYTKKIEELIKKSEEQQKN,19114674,0.002
>AVP1213,HCSLAYGDASTLVVF,22965230,0.001
>AVP1216,HCIYATTNDALIFSV,22965230,0.001
>AVP1217,GELGRIPSDTYDLAVGALHCPFYLVSGLVYLDG,22965230,0.001
>AVP1219,GELDELVYLLDGPGYDPIHCDVVTRGGSRLFNF,22965230,0.001
>HIP829,NMTWMEWDREINNYTSLIHSLIEESQNQQEKNEQEL,US6861059,0.001
>HIP834,QIWNNMTWMEWDREINNYTSLIHSLIEESQNQQEKN,US6861059,0.001
>HIP840,SLIHSLIEESQNQQEKNEQELLELDKWASLWNWFNI,US6861059,0.001
>HIP857,YTSLIHSLIEEGQNQQEKNEQELLELDKWASLWNWF,19073606,0.001
>HIP895,YTSLIQSLIEESQNQQEKNEQQLLELDKWASLWNWF,US6861059,0.001
