Sequence,MIC,pIC50,Abbreviation,Family
AAQRRGRVGRNPNQVGD,442.0,7.724200675886576,HCV,Flaviviridae
RNPSQVGD,383.0,7.867475568783628,WNV,Flaviviridae
RVGRNPNQVGD,374.0,7.891254760549742,HCV,Flaviviridae
AAQRRGRIGRNPSQVGD,358.0,7.934977571563574,HCV,Flaviviridae
RGRRGIYR,313.0,8.069307367424122,HCV,Flaviviridae
RIGRNPSQVGD,285.0,8.163021377695623,WNV,Flaviviridae
RRGRVGRNPNQVGD,196.0,8.537395898733758,HCV,Flaviviridae
RRGRIGRNPSQVGD,156.0,8.765654550714737,WNV,Flaviviridae
VRLGSISVIGIVRGKK,137.0,8.89552963213615,HCV,Flaviviridae
VLDLIYSLHKQINRGLKKIVL,36.0,10.231991619508165,HCV,Flaviviridae
RQMRAWGQDYQHGGMGYSC,36.0,10.231991619508165,DENV 2,Flaviviridae
RTGRGRRGIYR,34.6,10.271656875900595,HCV,Flaviviridae
RTQRRGRTGRGKPGIYR,27.1,10.51597683007862,HCV,Flaviviridae
WICEVLSDFK,27.0,10.519673691959945,HCV,Flaviviridae
CEVLSDFK,27.0,10.519673691959945,HCV,Flaviviridae
SWLRDIWDWICEV,27.0,10.519673691959945,HCV,Flaviviridae
SWLRDIWDWICE,27.0,10.519673691959945,HCV,Flaviviridae
SWLRDIWDWI,27.0,10.519673691959945,HCV,Flaviviridae
SWLRDIWD,27.0,10.519673691959945,HCV,Flaviviridae
LRDIWDWICEVLSDFK,27.0,10.519673691959945,HCV,Flaviviridae
DIWDWICEVLSDFK,27.0,10.519673691959945,HCV,Flaviviridae
WDWICEVLSDFK,27.0,10.519673691959945,HCV,Flaviviridae
VSTALPQWRIYSYAGDNI,25.0,10.596634733096073,HCV,Flaviviridae
ALPQWRIYSYAGDNIVTA,25.0,10.596634733096073,HCV,Flaviviridae
AGALMFAWLLLGLQGIFN,25.0,10.596634733096073,HCV,Flaviviridae
MASAGMQILGVVLTLLGW,25.0,10.596634733096073,HCV,Flaviviridae
MANSGLQLLGFSMALLGW,25.0,10.596634733096073,HCV,Flaviviridae
MASTGLELLGMTLAVLGW,25.0,10.596634733096073,HCV,Flaviviridae
STQRRGRTGRGRRGIYR,24.3,10.625034207617771,HCV,Flaviviridae
ACFPWGKEYCGGK,22.0,10.724468104605958,HCV,Flaviviridae
GWIGAIVSTALPQWRIYS,21.5,10.747457622830657,HCV,Flaviviridae
GICRCICGRGICRCICGRIGGRVPGVGVPGVGHHHHHH,21.4,10.752119635936468,DENV 2,Flaviviridae
LLDCWVRLGRYLLRRLKTPFT,20.0,10.819778284410283,HCV,Flaviviridae
LDCWVRLGRYLLRRLKTPFTRL,20.0,10.819778284410283,HCV,Flaviviridae
VRLGRYLLRRLKTPFTRL,20.0,10.819778284410283,HCV,Flaviviridae
LLDCWVRLGRYLLRRLKTPFTRL,15.0,11.107460356862065,HCV,Flaviviridae
SWLRDIWDWISEVLSDFK,13.5,11.21282087251989,HCV,Flaviviridae
ACFPWGNTWCGGK,13.0,11.250561200502737,HCV,Flaviviridae
SWLRDIWDWIEEVLSDFK,13.0,11.250561200502737,HCV,Flaviviridae
SWLRDIWDWIREVLSDFK,12.5,11.289781913656018,HCV,Flaviviridae
AFLGWIGAIVSTALPQWR,12.5,11.289781913656018,HCV,Flaviviridae
WVRLGRYLLRRLKTPFTR,12.0,11.330603908176274,HCV,Flaviviridae
RGGRLCYCRRRFCVCVGR,11.7,11.355921716160564,DENV 2,Flaviviridae
SWLRDIWDWICEVL,11.3,11.39070783224598,HCV,Flaviviridae
EELRVRLASHLRKLRKRLLRDADDLQKRLAVY,10.0,11.512925464970229,HCV,Flaviviridae
CEEIRARLSTHLRKMRKRLMRDADDLQKRLAVY,10.0,11.512925464970229,HCV,Flaviviridae
CEEQAQQIRLQAEAFQARLKSWFEPLVEDM,10.0,11.512925464970229,HCV,Flaviviridae
CVRLASHLRKLRKRLLRDADDL,10.0,11.512925464970229,HCV,Flaviviridae
CIRLQAEAFQARLKSWFEPLV,10.0,11.512925464970229,HCV,Flaviviridae
LRVRLASHLRKLRKRLLRDADDLQKRLAVY,10.0,11.512925464970229,HCV,Flaviviridae
EELRVRLASHLRKLRKRLLRDADDL,10.0,11.512925464970229,HCV,Flaviviridae
VRLASHLRKLRKRLLRDADDLQKRLAVY,10.0,11.512925464970229,HCV,Flaviviridae
CLRKLRKRLLRC,10.0,11.512925464970229,HCV,Flaviviridae
ATSSANSKA,10.0,11.512925464970229,JEV,Flaviviridae
LLDCWVRLGRYLLRRLKT,10.0,11.512925464970229,HCV,Flaviviridae
FILAFLGWIGAIVSTALP,8.9,11.62945928122618,HCV,Flaviviridae
RWMVWRHWFHRLRLPYNPGKNKQNQQWP,8.0,11.736069016284437,DENV 2,Flaviviridae
MANAGLQLLGFILAFL,7.6,11.78736231067199,HCV,Flaviviridae
SWLRDIWDWICKVLSDFK,6.8,11.898587945782213,HCV,Flaviviridae
CAGKRKSG,6.7,11.913403031567354,DENV 2,Flaviviridae
AALEAKICHQIEYYFGDF,6.688,11.915195682181874,HCV,Flaviviridae
ACFPWGNQWCGGK,6.0,12.02375108873622,HCV,Flaviviridae
AWDFGSVGGLFTSLGKAVHQVFGSVYTIM,6.0,12.02375108873622,DENV 4,Flaviviridae
KGSVVIVGRIILSGRK,5.7,12.07504438312377,HCV,Flaviviridae
MANAGLQLLGFILAFLGWIGAIVS,5.1,12.186270018233994,HCV,Flaviviridae
LLDCWVRLGRYLLRRLK,5.0,12.206072645530174,HCV,Flaviviridae
SWLRDIWDWGCEVLSDFK,5.0,12.206072645530174,HCV,Flaviviridae
SWLRDIWDWSCEVLSDFK,5.0,12.206072645530174,HCV,Flaviviridae
SWLRDIWDWECEVLSDFK,5.0,12.206072645530174,HCV,Flaviviridae
SWLRDIWDWKCEVLSDFK,5.0,12.206072645530174,HCV,Flaviviridae
PRPISYLKGSSGGPL,5.0,12.206072645530174,HCV,Flaviviridae
IFKAIWSGIKSLF,5.0,12.206072645530174,HCV,Flaviviridae
LLGFILAFLGWIGAIVST,4.3,12.356895535264757,HCV,Flaviviridae
SWRLIDWDWICEVLSDFK,4.0,12.429216196844383,HCV,Flaviviridae
CLRVRLASHLRKLRKRLLRDADDL,4.0,12.429216196844383,HCV,Flaviviridae
MANAGLQLLGFILAFLGWIGAI,4.0,12.429216196844383,HCV,Flaviviridae
LDCWVRLGRYLLRRLKTP,4.0,12.429216196844383,HCV,Flaviviridae
SWLRDIWDWACEVLSDFK,4.0,12.429216196844383,HCV,Flaviviridae
MAILGDTAWDFGSLGGVFTSIGKALHQVFGAIY,3.5,12.562747589468906,DENV 2,Flaviviridae
RGGSVVIVGRIILSGRK,3.4,12.591735126342158,HCV,Flaviviridae
LLDCWVRLGRYLLRRLKTP,3.0,12.716898269296165,HCV,Flaviviridae
FWFTLIKTQAKQPARYRRFC,3.0,12.716898269296165,DENV 2,Flaviviridae
SWLRDVWDWVCTILTDFK,2.1,13.073573213234896,HCV,Flaviviridae
CWVRLGRYLLRRLKTPFT,2.0,13.122363377404328,HCV,Flaviviridae
FLGFLKNLF,1.965,13.140018312643049,HCV,Flaviviridae
SGSWLRDIWDWICEVLSDFK,1.7,13.284882306902103,HCV,Flaviviridae
SWLRDIWDWICEVLSDFKT,1.7,13.284882306902103,HCV,Flaviviridae
SWLDRIWRWICKVLSRFE,1.7,13.284882306902103,HCV,Flaviviridae
AWDFGSIGGVFTSVGKLVHQVFGTAYGVL,1.5,13.41004544985611,DENV 1,Flaviviridae
SWLRDLWDWICEVLSDFK,1.4,13.479038321343062,HCV,Flaviviridae
SWLRDLWDWLCEVLSDFK,1.4,13.479038321343062,HCV,Flaviviridae
SWLRDIWDWVCEVLSDFK,1.4,13.479038321343062,HCV,Flaviviridae
SWLRDIWDWLCEVLSDFK,1.2,13.633189001170319,HCV,Flaviviridae
SWLRDIWDWICELLSDFK,1.2,13.633189001170319,HCV,Flaviviridae
SWLRDLWDWLCELLSDFK,1.2,13.633189001170319,HCV,Flaviviridae
FLGFLHHLF,1.115,13.706656153052192,HCV,Flaviviridae
SWLRDIWDWICEVLSD,0.98,13.835713265281793,HCV,Flaviviridae
SWLRRIWRWICKVLSRFK,0.89,13.932044374220226,HCV,Flaviviridae
SWLRDIWRWICKVLSRFK,0.84,13.989863945109052,HCV,Flaviviridae
FLHFLHHLF,0.8109999999999999,14.024997782830999,HCV,Flaviviridae
CVRLASHLRKLRKRLLRDADDLQKRLAVY,0.8,14.038654109278484,HCV,Flaviviridae
SWLRDIWDWICEVLSDFK,0.79,14.051232891485345,HCV,Flaviviridae
SWLRDLWDWICELLSDFK,0.78,14.063971917262775,HCV,Flaviviridae
DWLRIIWDWVCSVVSDFK,0.55,14.413347558719895,HCV,Flaviviridae
GSWLRDIWDWICEVLSDFK,0.51,14.48885511122804,HCV,Flaviviridae
SWLRDIWDWICEVLSDFKTW,0.51,14.48885511122804,HCV,Flaviviridae
CEELRVRLASHLRKLRKRLLRDADDLQKRLAVY,0.5,14.508657738524219,HCV,Flaviviridae
KFDSLVECIWDWIDRLWS,0.48,14.549479733044475,HCV,Flaviviridae
SIWRDWVDLICEFLSDWK,0.4,14.73180128983843,HCV,Flaviviridae
RRGRTGRGRRGIYR,0.2,15.424948470398375,HCV,Flaviviridae
GELGRLVYLLDGPGYDPI,0.125,15.89495209964411,HCV,Flaviviridae
GELGRLVYLLDGPGYDPIHCD,0.124,15.902984271341374,HCV,Flaviviridae
AWDFGSLGGVFTSIGKALHQVFGAIYGAA,0.1,16.11809565095832,DENV 1,Flaviviridae
AWDFGSVGGVLNSLGKMVHQIFGSAYTAL,0.1,16.11809565095832,DENV 1,Flaviviridae
GELGRPVYVLGDPGYYATHCIYATTNDALIFSV,0.026000000000000002,17.46516929892493,HCV,Flaviviridae
RQIKINFQNRRMKNKKGELDELVYLLDGPGYDPIHS,0.024,17.545212006598465,HCV,Flaviviridae
GELDELVYLLDGPGYDPIHS,0.023,17.58777162101726,HCV,Flaviviridae
GELGRLVYLLDGPGYDPIHCSLAYGDASTLVVF,0.021,17.678743399222988,HCV,Flaviviridae
GELGRLVYLLDGPGYDPIHCDVVTRGGSHLFNF,0.011000000000000001,18.32537056414804,HCV,Flaviviridae
HCSLAYGDASTLVVF,0.001,20.72326583694641,HCV,Flaviviridae
HCIYATTNDALIFSV,0.001,20.72326583694641,HCV,Flaviviridae
GELGRIPSDTYDLAVGALHCPFYLVSGLVYLDG,0.001,20.72326583694641,HCV,Flaviviridae
GELDELVYLLDGPGYDPIHCDVVTRGGSRLFNF,0.001,20.72326583694641,HCV,Flaviviridae
KWLCRIWSWISDVLDDFE,0.5,14.508657738524219,HCV,Flaviviridae
SWLWEVWDWVLHVLSDFK,7.0,11.86960040890896,HCV,Flaviviridae
TWLRAIWDWVCTALTDFK,7.1,11.855415773917004,HCV,Flaviviridae
SWLRDVWDWVCTVLSDFK,3.5,12.562747589468906,HCV,Flaviviridae
GAIVSTALPQWRIYSYAG,23.8,10.645824977286845,HCV,Flaviviridae
SWLRDIWDWLCELLSDFK,0.82,14.013961496688113,HCV,Flaviviridae
EELRVRLASHLRKLRKRLLRDADDLQKRLAVYEEQAQQIRLQAEAFQARLKSWFEPLVEDM,0.67,14.215988124561399,HCV,Flaviviridae
