Sequence,MIC,pIC50
ACWAAGIKQEF,333.0,8.00736806798383
ACWGAGIKQEF,333.0,8.00736806798383
ACWWAGIKAEF,333.0,8.00736806798383
ACWWAGIKQAF,333.0,8.00736806798383
ACWWAGIRQEF,333.0,8.00736806798383
TAYALLKLAGRW,333.0,8.00736806798383
TAYFLAKLAGRW,333.0,8.00736806798383
TAYFLLKAAGRW,333.0,8.00736806798383
AAWWAGIKQEF,277.0,8.191493051776936
ATGQETAYFLLKLAGKA,250.0,8.294049640102028
ACWWAGIKQEA,245.0,8.314252347419547
IKKTYEEIKKTYEEIKKTYEEIKKTYEEIKKTYEE,200.0,8.517193191416238
YQLLIRPIYKNI,200.0,8.517193191416238
FIHFRIGCQHSRIGI,200.0,8.517193191416238
LSELDDRADALQAGASQFETSAAKLKRKYWWKN,200.0,8.517193191416238
HFPRIWLHSLGQHIY,187.0,8.584401941109688
YQALIRMIYKNI,165.0,8.709565084063694
TYGDTWAGVEAIIRI,150.0,8.804875263868018
AEAASQVTNTATIM,142.0,8.859683500363014
RSQKEGLHYTCSSHFPYSQYQFWK,136.0,8.902855672228222
ESELVSQIIEQLIKK,120.0,9.028018815182229
IKKEKVYLAWVPAHKGIGN,120.0,9.028018815182229
IQAQPDQSESELVNQIIEQL,120.0,9.028018815182229
IKKTYEEIKKTYEEIKKTYEEIKKTYEEIERDWEMV,117.0,9.053336623166517
TAYFALKLAGRW,115.0,9.070578429601024
TAYFLLALAGRW,113.0,9.088122739251933
AEAMSQVANTATIM,110.0,9.115030192171858
KWLDAFYKDVAKELEKAF,100.0,9.210340371976184
KAFEEVLAKKFYDKALWD,100.0,9.210340371976184
AEAIPMSIPPEVKFNKPFVF,100.0,9.210340371976184
LAAIPMSIPPEVKFNKPFVF,100.0,9.210340371976184
LEAIPMSIPPEVKFNKPAVF,100.0,9.210340371976184
LEAIPMSIPPEVKFNKPFAF,100.0,9.210340371976184
LEAIPMSIPPEVKFNKPFVA,100.0,9.210340371976184
ACWWAAIKQEF,90.0,9.315700887634009
YQLLIRAIYKNI,70.0,9.567015315914915
INLKAIAALAKKLL,67.6,9.601902574915355
GIFDKLAKEISIW,65.8,9.628890719633002
GLWEKIDKFASII,65.8,9.628890719633002
ACWWAGIAQEF,62.0,9.688376172919183
FRPALIVRTKGTRL,61.4,9.698100722811176
RLFDKIRQVIRKF,58.1,9.753344894106409
VDKPDYRPRPRPPNM,54.4,9.819146404102378
KGRGKQGGKVRAKAKTRSS,50.0,9.903487552536129
ILGPVLGLVSDTLDDVLGIL,49.4,9.915560133770397
GLKKLLGKLLKKLGKLLLK,47.5,9.95478084692368
GNNRPVYIPQPRPPHPRI,47.4,9.956888329263244
ACGWAGIKQEF,46.0,9.986869161475179
GKPRPYSPRPTSHPRPIRV,45.5,9.99779823200737
YQLLARMIYKNI,45.0,10.008848068193954
TRSSRAGLQFPVGRVHRLLRK,41.1,10.099502436462085
YQLLIRMIAKNI,40.0,10.126631103850338
RQRVEELSKFSKKGAAARRRK,40.0,10.126631103850338
RPKHPIKHQGLPQEVLNENLLRF,36.2,10.226451439132548
GLNTLKKVFQGLHEAIKLINNHVQ,35.7,10.24035986917868
IWLTALKFLGKHAAKHLAKQQLSKL,35.2,10.254464475360223
YQLLIRMAYKNI,35.0,10.26016249647486
SPAIFQSSMTKILEPFRKQN,35.0,10.26016249647486
GAWKNFWSSLRKGFYDGEAGRAIRR,34.1,10.286213173674803
YQLLIAMIYKNI,34.0,10.289150033348113
NLVSGLIEARKYLEQLHRKLKNRKV,33.3,10.309953160977877
ACAWAGIKQEF,33.0,10.319002996497794
QQLLFIHFRIGCQHS,33.0,10.319002996497794
SWKSMAKKLKEYMEKLKQRA,32.7,10.328135480061066
GLRSKIWLWVLLMIWQESNKFKKM,31.6,10.362353437371407
GWLKKIESIIDAF,29.5,10.4311202946185
YTSLIHSLIEESQNQQEKNEQELLELDKWASLANAA,28.6,10.462103840138468
IEESQNQQEKNEQELLELDKWASLWNWFNITNWLWL,25.91,10.560881563390256
LEAIAMSIPPEVKFNKPFVF,23.5,10.658510136814161
LEAIPMSAPPEVKFNKPFVF,23.46,10.660213714738944
GIIDIAKKLFESW,20.1,10.814790742899245
DWLKAFYDKVAEKLKEAF,20.0,10.819778284410283
LEAIPMSIPPEVKFAKPFVF,17.41,10.958465804184176
FLFPLITSFLSKVL,16.7,11.000101838541564
LEAIPMSIAPEVKFNKPFVF,16.33,11.022506650981901
ILPWKWPWWPWPP,16.0,11.042921835724492
YQLAIRMIYKNI,14.0,11.176453228349015
LEAIPASIPPEVKFNKPFVF,13.0,11.250561200502737
LEAIPMSIPPEVKFNKAFVF,12.72,11.272335000052298
WQCLTLTHRGFVLLTITVLR,12.0,11.330603908176274
GLFDIIKKIAESW,11.7,11.355921716160564
GIWSDLAEIIKKF,11.4,11.381897202563824
LQDSGLEVNIVTDSQYALGI,11.0,11.417615285165903
YQLLIRMIYANI,11.0,11.417615285165903
YQLLIRMIYKNA,11.0,11.417615285165903
LEAIPMSIPPAVKFNKPFVF,11.0,11.417615285165903
LEAIPMSIPPEVKFNAPFVF,10.81,11.435038926313156
GWFDIIKKIASEL,10.7,11.445266816496414
LEAIPMSIPPEAKFNKPFVF,10.64,11.450890074050776
GFLDIIEKIAKSW,10.5,11.464135300800796
QLLIRMIYKNILFYLVPGPGHGAEPERRNIKYL,9.0,11.618285980628055
YALLIRMIYKNI,8.0,11.736069016284437
GKKYRRFRWKFKFGKWFWFG,8.0,11.736069016284437
GIKEWKRIVQRIKDFLRNLV,7.4,11.81403055775415
VFQFLGRIIHHVGNFVHGFSHVF,7.1,11.855415773917004
SGIVQQQNNLLRAIEAQQHLLQLTVWGIKQLQARIL,7.0,11.86960040890896
ELVNQIIEQLIKKEKVYLAW,6.9,11.88398914636106
PDIVIYQYMDDLYVGSDLEI,6.0,12.02375108873622
ETWETWWTEYWQATWIPEWE,6.0,12.02375108873622
APKEWMEWDREINNYTSLIHSLIKQGI,5.8,12.0576526404119
TTWEAWDRAIAEYAARIEALIRALQELQEKLEAILREL,5.263,12.154809351592633
KILEPFRKQNPDIVIYQYMD,4.8,12.24689464005043
LEAIPMSIPPEVAFNKPFVF,4.73,12.261585355460433
LEAIPMSIPPEVKANKPFVF,4.62,12.285115852870627
GLRRLLGRLLRRLGRLLLR,4.4,12.333906017040059
TAYFLLILAGRW,4.1,12.404523584254012
ITFEDLLDYYGP,4.0,12.429216196844383
QETAYFLLKLAGRWP,3.5,12.562747589468906
GRFKRFRKPFKKLFKKIS,3.2,12.652359748158593
HVDKKVADKVLLLKQLRIMRLLTRL,3.05,12.700368967344954
GCKKYRRFRWKFKGKFWFWG,2.9,12.750799820971846
KWKLFKKIEKVGQNIRDGIIKAGPAVAVVGQATQIAK,2.5,12.89921982609012
ILGPVLGLVSRTLRRVLGIL,2.2,13.027053197600004
FFHHIFRGIVHVGKTIHRLVTG,2.1,13.073573213234896
WIHAEIKNSLKIDNLDVNRCIEALD,2.02,13.112413046551161
AGERIVDIIATDIQ,2.0,13.122363377404328
RINNIPWSEAMM,1.6,13.345506928718539
GIKEFKREFQRIKDFLRNLV,1.6,13.345506928718539
LLGDLLRKSKEKIGKEFKRIVQRIKDFLRNLVPRTES,1.6,13.345506928718539
REINNYTSLIHSLIEESQNQQEKNEQELLELDKWAS,1.347,13.517630660536048
LEAIPMSIPPEFLFGKPFVF,1.34,13.522840944001453
GLRSRIWLWVLLMIWQESNRFKRM,1.25,13.592367006650065
GIGAVLKVLTTGLPALISWIKRKRQQ,1.2,13.633189001170319
LEAIPMCIPPECAFNKPFVF,1.0,13.815510557964274
APKEWMAWAREIAAYAKLIAALIKQGI,1.0,13.815510557964274
LEAIPCSIPPCVFFNKPFVF,0.93,13.88808125079911
GIKQFKRIVQRIKDFLRNLV,0.91,13.909821237435516
TWAGVEAIIRILQQL,0.88,13.943343929474159
YTSLIHSLIEEKQNQQEKNEQELLELDKWASLWNWF,0.708,14.160821743252692
SLEQIWNNMTWMEWDREINNYTSLIHSLIEESQNQQ,0.597,14.331348723553809
IWNNMTWMEWDREINNYTSLIHSLIEESQNQQEKNE,0.593,14.338071437948686
FWNWLSAWIKKTYEEIKKTYEEIKKTYEEIERDWEMV,0.58,14.360237733405945
LEAIPCSIPPCFLFGKPFVF,0.39,14.757119097822718
TRQARRNRRRWRERQRAAAAC,0.35,14.865332682462952
LEAIPCSIPPCFAFNKPFVF,0.27,15.124843877948036
YTSLIHSLIQQSQNQQQKNQQQLLQLDKWASLWNWF,0.263,15.151111804768647
NQQEKNEQELLELDKWASLWNWFNITNWLWLIKIFI,0.253,15.18987634821889
VEAIIRILQQLLFIH,0.22,15.32963829059405
DQAEHLKTAVQMAVFIHNYKA,0.085,16.280614580456096
LVQPRGPRSGPGPWQGGRRKFRRQRPRLSHKGPMPF,0.085,16.280614580456096
IRKAHCNISRAKWND,0.05,16.811242831518264
QHLLQLTVWGIKQLQARILAVERYLKDQ,0.035,17.167917775457
QARQLLSQIVQQQNNLLRAIEAQQHLLQ,0.03,17.322068455284256
IHSLIEESQNQQEKNEQELLELDKWASLWNWFNITN,0.028999999999999998,17.355970006959936
MTLTVQARQLLSQIVQQQNNLLRAIEAQ,0.027999999999999997,17.391061326771208
YGGIKKEIEAIKKEQEAIKKKIEAIEKEIEA,0.026000000000000002,17.46516929892493
AVGIGAMFLGFLGAAGSTMGAAS,0.023,17.58777162101726
MTWMAWDRAIANYAALIHALIEAAQNQQEKNEAALLEL,0.022000000000000002,17.632223383588094
VWGIKQLQARILAVERYLKDQQLLGIWG,0.02,17.72753356339242
MTWMEWDREINNYTSLIHSLIEESQNQQEKNEQELLEL,0.008,18.643824295266576
MTWEAWDRAIAEYAARIEALIRAAQEQQEKNEAALREL,0.006999999999999999,18.7773556878911
TTWEEWDREINEYTSRIESLIRESQEQQEKNEQELREL,0.005,19.11382792451231
WEEWDKKIEEYTKKIEELIKKSEEQQKN,0.002,20.030118656386467
