Sequence,pIC50,MIC
AAQRRGRVGRNPNQVGD,7.724200676,442
HRILARIRQMMT,7.739015762,435.5
RNPSQVGD,7.867475569,383
RVGRNPNQVGD,7.891254761,374
AAQRRGRIGRNPSQVGD,7.934977572,358
ACWAAGIKQEF,8.007368068,333
ACWGAGIKQEF,8.007368068,333
ACWWAGIKAEF,8.007368068,333
ACWWAGIKQAF,8.007368068,333
ACWWAGIRQEF,8.007368068,333
TAYALLKLAGRW,8.007368068,333
TAYFLAKLAGRW,8.007368068,333
TAYFLLKAAGRW,8.007368068,333
TAYFLLKLAGRA,8.007368068,333
TAYFLLKLAGRL,8.062937919,315
RGRRGIYR,8.069307367,313
RIGRNPSQVGD,8.163021378,285
AGAVVNDL,8.17006366,283
AAGAVVNDL,8.180720955,280
EQVLKAVTNVLSPVFPGGET,8.180720955,280
SNNTIAIPTNFSISITTEVM,8.185012292,278.801
AAWWAGIKQEF,8.191493052,277
FKLPLGINITNFRAILTAFS,8.230384,266.434
LMRIRQMMT,8.240281411,263.81
CPFVKTQLC,8.243356526,263
VLYNSTFFSTFKCYGVSATK,8.244623488,262.667
GIGVTQNVLYENQKQIANQF,8.245110916,262.539
PALNCYWPLNDYGFYTTSGI,8.261272721,258.33
AAHLIDALYAEFLGGRVLTT,8.29404964,250
GLASTLTRWAHYNALIRAF,8.29404964,250
ATGQETAYFLLKLAGKA,8.29404964,250
ACWWAGIKQEA,8.314252347,245
KQRQNKPPSKPNNDFHF,8.334871635,240
NQIIEQLIKKEKVY,8.334871635,240
QKEGLHYTCSSHFPYSQYQF,8.347450417,237
KPPSKPNNDFHFEVFNFVP,8.421883012,220
IKKTYEEIKKTYEEIKKTYEEIKKTYEEIKKTYEE,8.517193191,200
LFYLVPGPGH,8.517193191,200
YQLLIRPIYKNI,8.517193191,200
FIHFRIGCQHSRIGI,8.517193191,200
LSELDDRADALQAGASQFETSAAKLKRKYWWKN,8.517193191,200
RRGRVGRNPNQVGD,8.537395899,196
TAAFLLKLAGRW,8.552820369,193
KQRQNKPPSKPNNDFHFEVFN,8.568486486,190
HFPRIWLHSLGQHIY,8.584401941,187
TASFLLKLAGRW,8.589763884,186
CSICSNNPTCWAICKRIPNKKPGKK,8.639360825,177
VPCSICSNNPTCWAICKRIPNKKPGKK,8.709565084,165
YQALIRMIYKNI,8.709565084,165
FGGASCCLYCRCHIDHPNPKGFCDLKGKY,8.740336743,160
GGASCCLYCRCH,8.740336743,160
RRGRIGRNPSQVGD,8.765654551,156
HRILMRARQMMT,8.803935705,150.141
TYGDTWAGVEAIIRI,8.804875264,150
AEAASQVTNTATIM,8.8596835,142
VRLGSISVIGIVRGKK,8.895529632,137
RSQKEGLHYTCSSHFPYSQYQFWK,8.902855672,136
AEASQVTNTATIM,8.979228651,126
HRILMRIRQMAT,9.023661655,120.524
YQLLIRMI,9.028018815,120
ESELVSQIIEQLIKK,9.028018815,120
IKKEKVYLAWVPAHKGIGN,9.028018815,120
IQAQPDQSESELVNQIIEQL,9.028018815,120
TAYFLLKLAARW,9.044825933,118
KAAKKAAKAAKKAAKWAKKAA,9.053336623,117
IKKTYEEIKKTYEEIKKTYEEIKKTYEEIERDWEMV,9.053336623,117
TAYFALKLAGRW,9.07057843,115
TAYFLLALAGRW,9.088122739,113
AEAMSQVANTATIM,9.115030192,110
PDAVYLHRIDLGPPISLERLDVGTNLGNAIAKLED,9.210340372,100
DAVYLHRIDLGPPISLERLDVGTNLQNAIAKLEDA,9.210340372,100
AVYLHRIDLGPPISLERLDVGTNLQNAIAKLEDAK,9.210340372,100
YTPNDITLNNSVALDPIDISIELNKAKSDLEESKE,9.210340372,100
TPNDITLNNSVALDPIDISIELNKAKSDLEESKEW,9.210340372,100
PNDITLNNSVALDPIDISIELNKAKSDLEESKEWI,9.210340372,100
NDITLNNSVALDPIDISIELNKAKSDLEESKEWIR,9.210340372,100
DITLNNSVALDPIDISIELNKAKSDLEESKEWIRR,9.210340372,100
NFYDPLVFPSDEFDASISQVNEKINQSLAFIRKSD,9.210340372,100
IEEINKKVEEIQKKIEELNKKAEELNKKLEELQKK,9.210340372,100
KWLDAFYKDVAKELEKAF,9.210340372,100
KAFEEVLAKKFYDKALWD,9.210340372,100
NKPFVFLM,9.210340372,100
AAAMSQVTN,9.210340372,100
AAYFLLKLAGRW,9.210340372,100
AEAIPMSIPPEVKFNKPFVF,9.210340372,100
LAAIPMSIPPEVKFNKPFVF,9.210340372,100
LEAIPMSIPPEVKFNKPAVF,9.210340372,100
LEAIPMSIPPEVKFNKPFAF,9.210340372,100
LEAIPMSIPPEVKFNKPFVA,9.210340372,100
INFYDPLVFPSDEFDASISQVNEKINQSLAFIRKS,9.282911065,93
IINFYDPLVFPSDEFDASISQVNEKINQSLAFIRK,9.304651051,91
YLHRIDLGPPISLERLDVGTNLGNAIAKLEDAKEL,9.307953201,90.7
ACWWAAIKQEF,9.315700888,90
HRILMRIRQMMA,9.322255657,89.412
GWWYKGRARAVSAVA,9.326874188,89
VYLHRIDLGPPISLERLDVGTNLQNAIAKLEDAKE,9.369336103,85.3
RMIYKNILFYLVPGPGHGAEPERRNIKYL,9.372859301,85
FHFEVFNFVPCSICSNNPTCWAICKRIPNKKPGKK,9.433483923,80
LPRRLHLEPAFLPYSVKAHEC,9.498022444,75
YLQELLGE,9.507399606,74.3
ILMAFSIDSPDSLEN,9.533746345,72.368
TLNNSVALDPIDISIELNKAKSDLEESKEWIRRSN,9.538844439,72
ILMCFSINSPNSLQN,9.554592796,70.875
YQLLIRAIYKNI,9.567015316,70
INLKAIAALAKKLL,9.601902575,67.6
AETVESCLAKPHTEN,9.625855816,66
GIFDKLAKEISIW,9.62889072,65.8
GLWEKIDKFASII,9.62889072,65.8
KRIVQRIKDFLR,9.664470652,63.5
ITLNNSVALDPIDISIELNKAKSDLEESKEWIRRS,9.688376173,62
ACWWAGIAQEF,9.688376173,62
YQDVNCTDVSTAIHADQLTP,9.693161799,61.704
FRPALIVRTKGTRL,9.698100723,61.4
PTTFMLKYDENGTITDAVDC,9.720866041,60.018
ATHTICDRNHTW,9.721165996,60
RLFDKIRQVIRKF,9.753344894,58.1
HRILMRIRQAMT,9.755395187,57.981
ARILMRIRQMMT,9.787964847,56.123
HRILMRIRQMMT,9.790158867,56
HRIAMRIRQMMT,9.815714799,54.587
VDKPDYRPRPRPPNM,9.819146404,54.4
WEDAVRWI,9.831111079,53.753
WEDWVRAI,9.831111079,53.753
GAWYKGRARPVSAVA,9.845218644,53
RPRLSHKGPMPF,9.860255664,52.209
DFRRLPGAFWQLRQP,9.864266839,52
CSIELSDIPLSVDFNTMID,9.903487553,50
TDVILMAFSIDSPDSLENI,9.903487553,50
TDVILMCFSI,9.903487553,50
TDVILMCFSIDSP,9.903487553,50
CFSIDSPDSLENI,9.903487553,50
ILMCFSIDS,9.903487553,50
ILMCFSID,9.903487553,50
AEPERRNIKYL,9.903487553,50
KGRGKQGGKVRAKAKTRSS,9.903487553,50
GRFKRFRKKFKKLFK,9.911519724,49.6
ILGPVLGLVSDTLDDVLGIL,9.915560134,49.4
CNDFRSKTC,9.944309547,48
GLKKLLGKLLKKLGKLLLK,9.954780847,47.5
GNNRPVYIPQPRPPHPRI,9.956888329,47.4
AKKAAKKAKKAAKKAKKWAKK,9.959000262,47.3
ACGWAGIKQEF,9.986869161,46
GKPRPYSPRPTSHPRPIRV,9.997798232,45.5
YQLLARMIYKNI,10.00884807,45
AVASVPRARGKYWWG,10.03132092,44
HRILMRIR,10.04270364,43.502
ECRSTSYAGAVVNDL,10.07784094,42
ALNCYWPLNDYGFYTTTGIGYQPYRVVVLSFEL,10.08741039,41.6
TRSSRAGLQFPVGRVHRLLRK,10.09950244,41.1
AKKAAKKAKKAAKKAKKAAKK,10.10193849,41
KRIVQRIKDFLRNLVPRTES,10.11420858,40.5
YQLLIRMIAKNI,10.1266311,40
RQRVEELSKFSKKGAAARRRK,10.1266311,40
ALQELLGQWLKDGGPSSGRPPPS,10.21001271,36.8
GIGKFLHSAGKFGKAFVGEIMKS,10.21573558,36.59
INNYTSLIGSLIEESQNQQEKNEQELLE,10.22573346,36.226
RPKHPIKHQGLPQEVLNENLLRF,10.22645144,36.2
VLDLIYSLHKQINRGLKKIVL,10.23199162,36
RQMRAWGQDYQHGGMGYSC,10.23199162,36
ILMCFSIDSP,10.238401,35.77
GLNTLKKVFQGLHEAIKLINNHVQ,10.24035987,35.7
LLGDLLRKSKEKIGKEFKRIVQR,10.24879874,35.4
IWLTALKFLGKHAAKHLAKQQLSKL,10.25446448,35.2
PTSNHSPTSCPPTCPGYRWMCLRRF,10.2601625,35
ALDKAEESNSKADKVNVKLT,10.2601625,35
YQLLIRMAYKNI,10.2601625,35
SPAIFQSSMTKILEPFRKQN,10.2601625,35
RTGRGRRGIYR,10.27165688,34.6
HRALMRIRQMMT,10.28384062,34.181
HRILMRIRAMMT,10.28515801,34.136
GAWKNFWSSLRKGFYDGEAGRAIRR,10.28621317,34.1
YQLLIAMIYKNI,10.28915003,34
KKKKYRNIRRPG,10.29242008,33.889
AALYKKKIIKKLLES,10.29295137,33.871
NLVSGLIEARKYLEQLHRKLKNRKV,10.30995316,33.3
ACAWAGIKQEF,10.319003,33
QQLLFIHFRIGCQHS,10.319003,33
SWKSMAKKLKEYMEKLKQRA,10.32813548,32.7
GLRSKIWLWVLLMIWQESNKFKKM,10.36235344,31.6
PLVFPSDEFDASISQVNEKINQSLAFIRKSDELLH,10.41431318,30
PLSPPLRNTHPQAMQWNSTTF,10.41431318,30
AGERIVDIIA,10.41431318,30
YGAVVNDL,10.42271504,29.749
GWLKKIESIIDAF,10.43112029,29.5
STSYAGAVVNDL,10.44821473,29
ILPWKWPWWPWRR,10.45931054,28.68
YTSLIHSLIEESQNQQEKNEQELLELDKWASLANAA,10.46210384,28.6
CSSHFPYSQYQFWK,10.48330605,28
KNGRKLCLDLQAALY,10.48849807,27.855
RTQRRGRTGRGKPGIYR,10.51597683,27.1
WICEVLSDFK,10.51967369,27
CEVLSDFK,10.51967369,27
SWLRDIWDWICEV,10.51967369,27
SWLRDIWDWICE,10.51967369,27
SWLRDIWDWI,10.51967369,27
SWLRDIWD,10.51967369,27
LRDIWDWICEVLSDFK,10.51967369,27
DIWDWICEVLSDFK,10.51967369,27
WDWICEVLSDFK,10.51967369,27
ALQELLGEYIQWLKDGGPSSGRPPPS,10.54975115,26.2
IEESQNQQEKNEQELLELDKWASLWNWFNITNWLWL,10.56088156,25.91
VSTALPQWRIYSYAGDNI,10.59663473,25
ALPQWRIYSYAGDNIVTA,10.59663473,25
AGALMFAWLLLGLQGIFN,10.59663473,25
MASAGMQILGVVLTLLGW,10.59663473,25
MANSGLQLLGFSMALLGW,10.59663473,25
MASTGLELLGMTLAVLGW,10.59663473,25
KPNNDFHFEVFNFVPCSICSNNPTCWAICKRI,10.59663473,25
ARRAKRRARRAKRRARRKKRR,10.61276412,24.6
STQRRGRTGRGRRGIYR,10.62503421,24.3
LEAIAMSIPPEVKFNKPFVF,10.65851014,23.5
LEAIPMSAPPEVKFNKPFVF,10.66021371,23.46
ACFPWGKEYCGGK,10.7244681,22
YAGAVVNDLL,10.7244681,22
ATCYCRTGRCATRESRSGVCEISGRLYRLCCR,10.727655,21.93
GWIGAIVSTALPQWRIYS,10.74745762,21.5
GICRCICGRGICRCICGRIGGRVPGVGVPGVGHHHHHH,10.75211964,21.4
TAYFLLKLAGRW,10.77098812,21
GIIDIAKKLFESW,10.81479074,20.1
FYDPLVFPSDEFDASISQVNEKINQSLAFIRKSDE,10.81977828,20
RRLHLEPAFLPYSVKAHECC,10.81977828,20
RRRRRRRRHPAEPGSTVTTQNTASQTMS,10.81977828,20
LLDCWVRLGRYLLRRLKTPFT,10.81977828,20
LDCWVRLGRYLLRRLKTPFTRL,10.81977828,20
VRLGRYLLRRLKTPFTRL,10.81977828,20
DWLKAFYDKVAEKLKEAF,10.81977828,20
QRPRLSHKGPMPF,10.83261026,19.745
YKFACPECPKRFMRSDHLSKHITLHELLGEERR,10.85540546,19.3
VFPSDEFDASISQVNEKINQSLAFIRKSDELLHNV,10.87107158,19
GSRVQIRCRFRNSTR,10.87107158,19
TDVILMCFSIDSPDSLEAI,10.89936276,18.47
ARRAWRRARRAARRARRAARR,10.91408896,18.2
FKPSSPPSITLW,10.95393845,17.489
LEAIPMSIPPEVKFAKPFVF,10.9584658,17.41
FLQDSKAELEKARKILSEVG,10.98229721,17
VILMCFSIDSPDSLENI,10.98524272,16.95
FLFPLITSFLSKVL,11.00010184,16.7
LEAIPMSIAPEVKFNKPFVF,11.02250665,16.33
ILPWKWPWWPWPP,11.04292184,16
TDVILMCFSIDSADSLENI,11.08635139,15.32
LLDCWVRLGRYLLRRLKTPFTRL,11.10746036,15
SMEKLAGFGAVGAGATAEETRRMLHRAFDTLA,11.10746036,15
LEAIPMSIPPEVKFNKPFVF,11.12155928,14.79
YQLAIRMIYKNI,11.17645323,14
QYGSFCTQLNRALSGIAAEQ,11.18693656,13.854
SWLRDIWDWISEVLSDFK,11.21282087,13.5
ATCYCRRGRCATRESLSGVCEISGRLYRLCCR,11.24741232,13.041
ISLERLDVGTNLGNAIAKLEDAKELLESSDQILRS,11.2505612,13
EFDASISQVNEKINQSLAFIRKSDELLHNVNAGKS,11.2505612,13
ACFPWGNTWCGGK,11.2505612,13
SWLRDIWDWIEEVLSDFK,11.2505612,13
ARRAKRRARRAARRARRKARR,11.2505612,13
LEAIPASIPPEVKFNKPFVF,11.2505612,13
LEAIPMSIPPEVKFNKAFVF,11.272335,12.72
SWLRDIWDWIREVLSDFK,11.28978191,12.5
AFLGWIGAIVSTALPQWR,11.28978191,12.5
ILMCFSIDSPDSL,11.29781409,12.4
SLERLDVGTNLGNAIAKLEDAKELLESSDQILRSM,11.3059113,12.3
RRLQVGGGTLKFFLT,11.33060391,12
WVRLGRYLLRRLKTPFTR,11.33060391,12
NADIIKSLIRKTIINASKNTASLSILQHLYVLRS,11.33060391,12
KPPSKPNNDFHFEVFNFVPCSICSNNPTCWAICKRI,11.33060391,12
WQCLTLTHRGFVLLTITVLR,11.33060391,12
WNSLKIDNLDV,11.33897216,11.9
RGGRLCYCRRRFCVCVGR,11.35592172,11.7
GLFDIIKKIAESW,11.35592172,11.7
ATCYCRTGRCATRESLSGVCEIRGRLYRLCCR,11.35737576,11.683
ATCYCRTGRCATRESLSGVCEISGRLYRLCCR,11.36278281,11.62
TDVALMCFSIDSPDSLENI,11.36450546,11.6
GIWSDLAEIIKKF,11.3818972,11.4
SWLRDIWDWICEVL,11.39070783,11.3
LPRRLHLEPAFLPYSVKAHECC,11.41761529,11
TLKPIFKLPLGINITNFR,11.41761529,11
LFRLIKSLIKRLVSAFK,11.41761529,11
LQDSGLEVNIVTDSQYALGI,11.41761529,11
YQLLIRMIYANI,11.41761529,11
YQLLIRMIYKNA,11.41761529,11
LEAIPMSIPPAVKFNKPFVF,11.41761529,11
LEAIPMSIPPEVKFNAPFVF,11.43503893,10.81
SKEKIGKEFKRIVQRIKDFLR,11.43596442,10.8
GWFDIIKKIASEL,11.44526682,10.7
LEAIPMSIPPEAKFNKPFVF,11.45089007,10.64
FLFAFRIFKRVFKKFRKLFKRAF,11.46318337,10.51
IPESSELTLQELLGEERR,11.4641353,10.5
GFLDIIEKIAKSW,11.4641353,10.5
GPPISLERLDVGTNLGNAIAKLEDAKELLESSDQI,11.50297513,10.1
ALLGRMKG,11.51292546,10
EELRVRLASHLRKLRKRLLRDADDLQKRLAVY,11.51292546,10
CEEIRARLSTHLRKMRKRLMRDADDLQKRLAVY,11.51292546,10
CEEQAQQIRLQAEAFQARLKSWFEPLVEDM,11.51292546,10
CVRLASHLRKLRKRLLRDADDL,11.51292546,10
CIRLQAEAFQARLKSWFEPLV,11.51292546,10
LRVRLASHLRKLRKRLLRDADDLQKRLAVY,11.51292546,10
EELRVRLASHLRKLRKRLLRDADDL,11.51292546,10
VRLASHLRKLRKRLLRDADDLQKRLAVY,11.51292546,10
CLRKLRKRLLRC,11.51292546,10
ATSSANSKA,11.51292546,10
LLDCWVRLGRYLLRRLKT,11.51292546,10
VALDPIDISIELNKAKSDLEESKEWIRR,11.51292546,10
AEAMSQVTNTATIM,11.51292546,10
TDVILMCFSIDSPDSLANI,11.53007162,9.83
FKCRRWQWRMKKLGAPSITCVRRAFA,11.54338467,9.7
HVTTTFAPPPPR,11.61230391,9.054
YRWRGPTAAFLSLV,11.61828598,9
RIILGQCIKREAEAAIEQIFRTKYNDSH,11.61828598,9
FNVALDQVFESIENSQALVDQSNRILSSAE,11.61828598,9
FNVALDQVFESIENSQALVDQSNRILSSAEKGN,11.61828598,9
NVALDQVFESIENSQALVDQSNRILSSA,11.61828598,9
QLLIRMIYKNILFYLVPGPGHGAEPERRNIKYL,11.61828598,9
FILAFLGWIGAIVSTALP,11.62945928,8.9
FAIAIKAIKKAIKKIKKAIKKAI,11.65103877,8.71
CFLNITNSHVSILQEAPPLENAV,11.67544439,8.5
ATCYCRTGRCATRESLSGVCRISGRLYRLCCR,11.70821069,8.226
DPLVFPSDEFDASISQVNEKINQSLAFIRKSDELL,11.73606902,8
FPSDEFDASISQVNEKINQSLAFIRKSDELLHNVN,11.73606902,8
DASISQVNEKINQSLAFIRKSDELLHNVNAGKSTT,11.73606902,8
RWMVWRHWFHRLRLPYNPGKNKQNQQWP,11.73606902,8
CTEEHIVATELVIQEMYIKINVKNSP,11.73606902,8
YALLIRMIYKNI,11.73606902,8
GKKYRRFRWKFKFGKWFWFG,11.73606902,8
KRKRAVKRVGRRLKKKLARKIARLGVAF,11.758826,7.82
MANAGLQLLGFILAFL,11.78736231,7.6
TDVILMCFSIDSPDSLENI,11.78736231,7.6
RGILIHNTIFGEQVF,11.80060754,7.5
GIKEWKRIVQRIKDFLRNLV,11.81403056,7.4
ILMCFSIDSPDSLENI,11.8456049,7.17
VFQFLGRIIHHVGNFVHGFSHVF,11.85541577,7.1
FALALKALKKALKKLKKALKKAL,11.85965008,7.07
KPPSKPNNDFHFEVFNF,11.86960041,7
SGIVQQQNNLLRAIEAQQHLLQLTVWGIKQLQARIL,11.86960041,7
IYWNVSGW,11.86960041,7
ELVNQIIEQLIKKEKVYLAW,11.88398915,6.9
TDVILMCFAIDSPDSLENI,11.89565109,6.82
SWLRDIWDWICKVLSDFK,11.89858795,6.8
CAGKRKSG,11.91340303,6.7
AALEAKICHQIEYYFGDF,11.91519568,6.688
TDAILMCFSIDSPDSLENI,11.92844091,6.6
LGPPISLERLDVGTNLGNAIAKLEDAKELLESSDQ,11.94370838,6.5
RAVWRHSVATPSHSV,11.94370838,6.5
SLLGRMKG,11.95921257,6.4
ILMCFSIDSPDS,11.96548218,6.36
TDVILMCASIDSPDSLENI,11.97654949,6.29
NNSVALDPIDISIELNKAKSDLEESKEWIRRSNQK,12.02375109,6
YDPLVFPSDEFDASISQVNEKINQSLAFIRKSDEL,12.02375109,6
PSDEFDASISQVNEKINQSLAFIRKSDELLHNVNA,12.02375109,6
SDEFDASISQVNEKINQSLAFIRKSDELLHNVNAG,12.02375109,6
ACFPWGNQWCGGK,12.02375109,6
AWDFGSVGGLFTSLGKAVHQVFGSVYTIM,12.02375109,6
ALDKAEESNSKLDKVNVKLT,12.02375109,6
PDIVIYQYMDDLYVGSDLEI,12.02375109,6
ETWETWWTEYWQATWIPEWE,12.02375109,6
YAGAVVNDL,12.03565499,5.929
LNITNSHVSILQERPPLENRVL,12.05765264,5.8
APKEWMEWDREINNYTSLIHSLIKQGI,12.05765264,5.8
DLGPPISLERLDVGTNLGNAIAKLEDAKELLESSD,12.07504438,5.7
KGSVVIVGRIILSGRK,12.07504438,5.7
FAVGLRAIKRALKKLRRGVRKVAKDL,12.11623194,5.47
TDVIAMCFSIDSPDSLENI,12.12541474,5.42
TTWEAWDRAIAEYAARIEALIRALQELQEKLEAILREL,12.15480935,5.263
DLSNQINSINKSLKSAEDWIADSNFFANQARTAK,12.18627002,5.1
MANAGLQLLGFILAFLGWIGAIVS,12.18627002,5.1
YDHIQDHVNTMFSRLATSWCLLQNKERALWAEAA,12.20607265,5
SDHSESIQKKFQLMKEHVNKIGVDS,12.20607265,5
LLDCWVRLGRYLLRRLK,12.20607265,5
SWLRDIWDWGCEVLSDFK,12.20607265,5
SWLRDIWDWSCEVLSDFK,12.20607265,5
SWLRDIWDWECEVLSDFK,12.20607265,5
SWLRDIWDWKCEVLSDFK,12.20607265,5
PRPISYLKGSSGGPL,12.20607265,5
IFKAIWSGIKSLF,12.20607265,5
AEAMSQVTN,12.20607265,5
YQLLIRMIY,12.20607265,5
YQLLIRMIYKNI,12.20607265,5
IDLGPPISLERLDVGTNLGNAIAKLEDAKELLESS,12.22627535,4.9
TDVILMCFSIDSPDSLENA,12.22831825,4.89
KILEPFRKQNPDIVIYQYMD,12.24689464,4.8
LEAIPMSIPPEVAFNKPFVF,12.26158536,4.73
AEDWVRWI,12.28446671,4.623
LEAIPMSIPPEVKANKPFVF,12.28511585,4.62
ILMCFSIDSPD,12.2872827,4.61
ADGSLLGRMKGAAG,12.31143316,4.5
GLRRLLGRLLRRLGRLLLR,12.33390602,4.4
TDVILMCFSIASPDSLENI,12.3430385,4.36
LLGFILAFLGWIGAIVST,12.35689554,4.3
TAYFLLILAGRW,12.40452358,4.1
GAKKGAKKGKKGAKKGAKGAGAKGAGAFKKKK,12.41186756,4.07
GYFVQDDGEWKFTGSSYYY,12.4292162,4
SWRLIDWDWICEVLSDFK,12.4292162,4
CLRVRLASHLRKLRKRLLRDADDL,12.4292162,4
MANAGLQLLGFILAFLGWIGAI,12.4292162,4
LDCWVRLGRYLLRRLKTP,12.4292162,4
SWLRDIWDWACEVLSDFK,12.4292162,4
HMNASDMEIKSYINMIESVEESSNYDF,12.4292162,4
ITFEDLLDYYGP,12.4292162,4
TDVILMCFSADSPDSLENI,12.55704957,3.52
GQPEEGAPCQVVLQGA,12.56274759,3.5
MAILGDTAWDFGSLGGVFTSIGKALHQVFGAIY,12.56274759,3.5
ILMCFSIDSPDSLE,12.56274759,3.5
QETAYFLLKLAGRWP,12.56274759,3.5
CCFLRIQNDSIIRLGDLQPLSQRVSTDWQ,12.56560882,3.49
LEAIPMSIPPEVAFAKPFVF,12.57713633,3.45
RGGSVVIVGRIILSGRK,12.59173513,3.4
KWKVFKKIEKMGRNIRNGIVKAGPAIAVLGEAKAL,12.59173513,3.4
FKRIVQRIKDFLR,12.59173513,3.4
KRKRAVKRVGRRLKKLARKIARLGVAKLAGLRAVKLF,12.59763485,3.38
AVKRVGRRLKKLARKIARLGVAF,12.60059781,3.37
SISNALNKLEESNRNLDKVNVKLT,12.63072057,3.27
LESEVTAIKNALKKTNEAVSTLGNGVRVLATAVRE,12.63993723,3.24
GWWYKGRARPVSAVA,12.65235975,3.2
GRFKRFRKPFKKLFKKIS,12.65235975,3.2
PISLERLDVGTNLGNAIAKLEDAKELLESSDQILR,12.68410845,3.1
FAKKFAKKFKKFAKKFAKFAFAF,12.70036897,3.05
HVDKKVADKVLLLKQLRIMRLLTRL,12.70036897,3.05
LLFLKVPAQNAISTTFPYT,12.71689827,3
FLKVPAQNAISTTFPYT,12.71689827,3
KVPAQNAISTTFPYT,12.71689827,3
MDVNPTLLF,12.71689827,3
MDVNPTLL,12.71689827,3
MDVNPTLLFIDVPAQ,12.71689827,3
MDVNPTFLFLKVPAQ,12.71689827,3
LLDCWVRLGRYLLRRLKTP,12.71689827,3
FWFTLIKTQAKQPARYRRFC,12.71689827,3
GCKKYRRFRWKFKGKFWFWG,12.75079982,2.9
FKVKAKVKAKVKAKVKAKKKK,12.76819156,2.85
TDVILMCFSIDSPASLENI,12.85616034,2.61
ADVILMCFSIDSPDSLENI,12.8755033,2.56
CRFPNITNSHVPILQERPPLENRVLTGWGL,12.89921983,2.5
KWKLFKKIEKVGQNIRDGIIKAGPAVAVVGQATQIAK,12.89921983,2.5
SLLGRMKGA,12.94004182,2.4
TDVILMCFSIDSPDSAENI,12.99573073,2.27
TDVILMCFSIDAPDSLENI,13.00014574,2.26
HRIDLGPPISLERLDVGTNLGNAIAKLEDAKELLE,13.0270532,2.2
ELNKAKSDLEESKEWIRRSNQKLDSIGNWHQSSTT,13.0270532,2.2
ILGPVLGLVSRTLRRVLGIL,13.0270532,2.2
SWLRDVWDWVCTILTDFK,13.07357321,2.1
FFHHIFRGIVHVGKTIHRLVTG,13.07357321,2.1
WIHAEIKNSLKIDNLDVNRCIEALD,13.11241305,2.02
SVALDPIDISIELNKAKSDLEESKEWIRRSNQKLD,13.12236338,2
DISIELNKAKSDLEESKEWIRRSNQKLDSIGNWHQ,13.12236338,2
ISIELNKAKSDLEESKEWIRRSNQKLDSIGNWHQS,13.12236338,2
IELNKAKSDLEESKEWIRRSNQKLDSIGNWHQSST,13.12236338,2
GYHLMSFPQAAPHGVVFLHVTW,13.12236338,2
GVFVFNGTSWFITQRNFFS,13.12236338,2
CWVRLGRYLLRRLKTPFT,13.12236338,2
NILRLKESITATIEAVHEVTDGLS,13.12236338,2
ALDKLEESNSKLDKVNVKLT,13.12236338,2
AGERIVDIIATDIQ,13.12236338,2
FLGFLKNLF,13.14001831,1.965
RIDLGPPISLERLDVGTNLGNAIAKLEDAKELLES,13.28488231,1.7
SGSWLRDIWDWICEVLSDFK,13.28488231,1.7
SWLRDIWDWICEVLSDFKT,13.28488231,1.7
SWLDRIWRWICKVLSRFE,13.28488231,1.7
TRQARRNRRRWRERQR,13.28488231,1.7
APKEWMAWAREIAAYAKLIAALI,13.28488231,1.7
RINNIPWSEAMM,13.34550693,1.6
GIKEFKREFQRIKDFLRNLV,13.34550693,1.6
LLGDLLRKSKEKIGKEFKRIVQRIKDFLRNLVPRTES,13.34550693,1.6
AWDFGSIGGVFTSVGKLVHQVFGTAYGVL,13.41004545,1.5
FFVIFYRRKK,13.42211803,1.482
TDVILACFSIDSPDSLENI,13.45783611,1.43
SWLRDLWDWICEVLSDFK,13.47903832,1.4
SWLRDLWDWLCEVLSDFK,13.47903832,1.4
SWLRDIWDWVCEVLSDFK,13.47903832,1.4
TAVILMCFSIDSPDSLENI,13.50069982,1.37
REINNYTSLIHSLIEESQNQQEKNEQELLELDKWAS,13.51763066,1.347
LEAIPMSIPPEFLFGKPFVF,13.52284094,1.34
FRFKIKFRLKFRFKARFKFRAKFRA,13.53787882,1.32
INNYTSLIHSLIEESQNQQEKNEQELLE,13.57885866,1.267
GLRSRIWLWVLLMIWQESNRFKRM,13.59236701,1.25
DVILMCFSIDSPDSLENI,13.60849639,1.23
SWLRDIWDWLCEVLSDFK,13.633189,1.2
SWLRDIWDWICELLSDFK,13.633189,1.2
SWLRDLWDWLCELLSDFK,13.633189,1.2
GIGAVLKVLTTGLPALISWIKRKRQQ,13.633189,1.2
IQKEIDRLNEVAKNLNESLIDLQELGK,13.64155725,1.19
YENQKQIANQFNKAISQIQESLTTTSTA,13.66709055,1.16
ILMCFSIDSPDSLEN,13.69152458,1.132
FLGFLHHLF,13.70665615,1.115
PPISLERLDVGTNLGNAIAKLEDAKELLESSDQIL,13.72020038,1.1
GIKEFKRIVQRIKDFLRNLV,13.73854952,1.08
GINASVVNIQKEIDRLNEVAKNL,13.77628984,1.04
LFGLIPSLIGGLVSAFK,13.78595176,1.03
FLDSKAELEKARKILSEVGRWY,13.81551056,1
LNNSVALDPIDISIELNKAKSDLEESKEWIRRSNQ,13.81551056,1
VALDPIDISIELNKAKSDLEESKEWIRRSNQKLDS,13.81551056,1
SIELNKAKSDLEESKEWIRRSNQKLDSIGNWHQSS,13.81551056,1
CTLTTKLYC,13.81551056,1
QLESLTDRELLLLIARKTCGSVE,13.81551056,1
LEAIPMCIPPECAFNKPFVF,13.81551056,1
WMEWDREINNYTSLIHSLIEEWQNQQEKNEQELL,13.81551056,1
APKEWMAWAREIAAYAKLIAALIKQGI,13.81551056,1
SWLRDIWDWICEVLSD,13.83571327,0.98
GFKRIVQRIKDFLRNLV,13.83571327,0.98
FLAAARIAKRVAKKARKLAKRAARKRK,13.87738596,0.94
LEAIPCSIPPCVFFNKPFVF,13.88808125,0.93
GIKQFKRIVQRIKDFLRNLV,13.90982124,0.91
MDVNPTLLFLK,13.9219828,0.899
SWLRRIWRWICKVLSRFK,13.93204437,0.89
TWAGVEAIIRILQQL,13.94334393,0.88
KVLTTGLPALISWIKRKRQQ,13.96633345,0.86
SWLRDIWRWICKVLSRFK,13.98986395,0.84
FLHFLHHLF,14.02499778,0.811
SSSTSTQVQILSNAL,14.03865411,0.8
CVRLASHLRKLRKRLLRDADDLQKRLAVY,14.03865411,0.8
MHRSLLGRMKGA,14.03865411,0.8
GINASVVNIQKEIDRLNEVAKNLNESLIDL,14.03865411,0.8
SWLRDIWDWICEVLSDFK,14.05123289,0.79
GSLLGRMKGA,14.05123289,0.79
SWLRDLWDWICELLSDFK,14.06397192,0.78
VANDPIDISIELNKAKSDLEESKEWIRRSNQKLDSI,14.10319263,0.75
VANDPIDISIELNKAKSDLEESKEWIRRSNQKLDSD,14.10319263,0.75
YTSLIHSLIEEKQNQQEKNEQELLELDKWASLWNWF,14.16082174,0.708
RRKKAAVALLPAVLLALLAP,14.1721855,0.7
VNPTLLFLKVPAQNAISTTFPYT,14.22800028,0.662
LEAIPMSIPPEVFFNKPFVF,14.231026,0.66
MDVNPTLLFLKV,14.25556711,0.644
GINASVVNIQKEIDRLNEVAKNLNESLIDLQELGKYE,14.29354636,0.62
SLEQIWNNMTWMEWDREINNYTSLIHSLIEESQNQQ,14.33134872,0.597
IWNNMTWMEWDREINNYTSLIHSLIEESQNQQEKNE,14.33807144,0.593
FWNWLSAWIKKTYEEIKKTYEEIKKTYEEIERDWEMV,14.36023773,0.58
DWLRIIWDWVCSVVSDFK,14.41334756,0.55
GSWLRDIWDWICEVLSDFK,14.48885511,0.51
SWLRDIWDWICEVLSDFKTW,14.48885511,0.51
CEELRVRLASHLRKLRKRLLRDADDLQKRLAVY,14.50865774,0.5
HRSLLGRMKGA,14.50865774,0.5
PTLLFLKVPAQNAISTTFPYT,14.54324918,0.483
KFDSLVECIWDWIDRLWS,14.54947973,0.48
FKLRAKIKVRLRAKIKL,14.59203935,0.46
YTSLIHSLIEEPQNQQEKNEQELLELDKWASLWNWF,14.62294688,0.446
SIWRDWVDLICEFLSDWK,14.73180129,0.4
INNYTSLIHSLIEESQNQQEKNEQELLELDKWASLW,14.752004,0.392
LEAIPCSIPPCFLFGKPFVF,14.7571191,0.39
YTSLIHSLIEERQNQQEKNEQELLELDKWASLWNWF,14.83162163,0.362
VALDPIDISIELNKAKSDLEESKEWIRRSNQKLDSD,14.86533268,0.35
TRQARRNRRRWRERQRAAAAC,14.86533268,0.35
GRFKRFRKKFKKLFKKIS,14.86533268,0.35
RQLLSGIVQQQNNLLRAIEAQQHLLQK,14.90021994,0.338
PPATHTIADRNHTPFSDV,14.92417318,0.33
MDVNPHLLFLKVPAQ,15.04651203,0.292
RSLLGRMKGA,15.05338491,0.29
YTSLIHSLIEEEQNQQEKNEQELLELDKWASLWNWF,15.07781894,0.283
LEAIPCSIPPCVFFGKPFVF,15.08847623,0.28
LEAIPCSIPPCFAFNKPFVF,15.12484388,0.27
YTSLIHSLIQQSQNQQQKNQQQLLQLDKWASLWNWF,15.1511118,0.263
SQNQQEKNEQELLELDKWASLWNWFNITNWLWLIKI,15.17808839,0.256
EESQNQQEKNEQELLELDKWASLWNWFNITNWLWLI,15.18200229,0.255
ESQNQQEKNEQELLELDKWASLWNWFNITNWLWLIK,15.18200229,0.255
NQQEKNEQELLELDKWASLWNWFNITNWLWLIKIFI,15.18987635,0.253
QNQQEKNEQELLELDKWASLWNWFNITNWLWLIKIF,15.19383675,0.252
ASLRVRIKK,15.20180492,0.25
VEAIIRILQQLLFIH,15.32963829,0.22
ASLRVRIKKQ,15.37615831,0.21
YTSLIHSLIEEDQNQQEKNEQELLELDKWASLWNWF,15.37615831,0.21
YTSLIHSLIEEHQNQQEKNEQELLELDKWASLWNWF,15.37615831,0.21
NSVALDPIDISIELNKAKSDLEESKEWIRRSNQKL,15.42494847,0.2
DPIDISIELNKAKSDLEESKEWIRRSNQKLDSIGN,15.42494847,0.2
RRGRTGRGRRGIYR,15.42494847,0.2
CFLNITNSHVSILQERPPLENRV,15.47624176,0.19
CCFLNITNSHVSILQERPPLENRVLTGWGL,15.53030899,0.18
LEAIPCSIPPCVAFNKPFVF,15.53030899,0.18
QKWEDWVRWIGN,15.54148229,0.178
FNLSDHSESIQKKFQLMKEHVNKIG,15.5874674,0.17
WADWVRWI,15.6356695,0.162
TTWEAWDRAIAEYAARIEALIRAAQELQEKLEAALREL,15.64186147,0.161
RRKKIFYFFR,15.67984072,0.155
WEDWVRWA,15.71263054,0.15
SLIEESQNQQEKNEQELLELDKWASLWNWFNITNWL,15.74653209,0.145
NGIGVTQNVLYENQKQIANQFNKAISQIQESLTTTSTA,15.78162341,0.14
MDVNPTLLFLKVP,15.79601215,0.138
YTSLIHSLIEESQNQQEKNEQELLELDKPASLWNWF,15.80328491,0.137
GELGRLVYLLDGPGYDPI,15.8949521,0.125
GELGRLVYLLDGPGYDPIHCD,15.90298427,0.124
ALDPIDISIELNKAKSDLEESKEWIRRSNQKLDSI,16.11809565,0.1
HGLASTLTRWAHYNALIRAF,16.11809565,0.1
AWDFGSLGGVFTSIGKALHQVFGAIYGAA,16.11809565,0.1
AWDFGSVGGVLNSLGKMVHQIFGSAYTAL,16.11809565,0.1
WEAWVRWI,16.11809565,0.1
WLVFFVIFYFFR,16.17997105,0.094
DQAEHLKTAVQMAVFIHNYKA,16.28061458,0.085
LVQPRGPRSGPGPWQGGRRKFRRQRPRLSHKGPMPF,16.28061458,0.085
NKSLEQIWNNMTWMEWDREINNYTSLIHSLIEESQN,16.36655701,0.078
PIDISIELNKAKSDLEESKEWIRRSNQKLDSIGNW,16.47477059,0.07
WEDWARWI,16.48915933,0.069
LHRIDLGPPISLERLDVGTNLGNAIAKLEDAKELL,16.50375813,0.068
KSLEQIWNNMTWMEWDREINNYTSLIHSLIEESQNQ,16.51857322,0.067
INNYTSLIHSLIEESQNQQEKNEQELLELDKWASL,16.54887857,0.065
WEDWVRWI,16.68021457,0.057
FDASISQVNEKINQSLAFIRKSDELLHNVNAGKST,16.7914402,0.051
IRKAHCNISRAKWND,16.81124283,0.05
IRKAHCNISRADWND,16.81124283,0.05
LEQIWNNMTWMEWDREINNYTSLIHSLIEESQNQQE,16.83144554,0.049
LIEESQNQQEKNEQELLELDKWASLWNWFNITNWLW,16.87311824,0.047
WMEWDREINNYTSLIHSLIEEPQNQQEKNEQELL,16.89462444,0.046
MNINPYPLFIDVPIQ,16.91660335,0.045
MDVNPCLLFLKVPAQ,16.9390762,0.044
MDVNPTLLFLKVPAQ,16.96206572,0.043
VYTDKVDISSQISSMNQSLQQSKDYIKEAQKILDTV,17.03438638,0.04
VQQQNNLLRAIEAQQHLLQLTVWGIKQL,17.1397469,0.036
HSLIEESQNQQEKNEQELLELDKWASLWNWFNITNW,17.1397469,0.036
MDVNPTLLFLKVPA,17.16791778,0.035
QHLLQLTVWGIKQLQARILAVERYLKDQ,17.16791778,0.035
MDVNPTLLFLKVPAQNAIST,17.19690531,0.034
YTSLIHSLIEEQQNQQEKNEQELLELDKWASLWNWF,17.19690531,0.034
TTWEAWDRAIAEYAARIEALIRALQELQEKNEAILREL,17.28927863,0.031
LDPIDISIELNKAKSDLEESKEWIRRSNQKLDSIG,17.32206846,0.03
WEDWVRWIGNIP,17.32206846,0.03
QARQLLSQIVQQQNNLLRAIEAQQHLLQ,17.32206846,0.03
MDVNPTLLFLKVPAQNAI,17.35597001,0.029
IHSLIEESQNQQEKNEQELLELDKWASLWNWFNITN,17.35597001,0.029
YTSLIHSLIEEWQNQQEKNEQELLELDKWASLWNWF,17.35597001,0.029
MTLTVQARQLLSQIVQQQNNLLRAIEAQ,17.39106133,0.028
NNYTSLIHSLIEESQNQQEKNEQELLELDKWASLWN,17.42742897,0.027
GELGRPVYVLGDPGYYATHCIYATTNDALIFSV,17.4651693,0.026
YGGIKKEIEAIKKEQEAIKKKIEAIEKEIEA,17.4651693,0.026
YTSLIHSLIEEYQNQQEKNEQELLELDKWASLWNWF,17.50439001,0.025
RQIKINFQNRRMKNKKGELDELVYLLDGPGYDPIHS,17.54521201,0.024
GELDELVYLLDGPGYDPIHS,17.58777162,0.023
KQNAANILRLKESIAATNEAVHEV,17.58777162,0.023
AVGIGAMFLGFLGAAGSTMGAAS,17.58777162,0.023
DREINNYTSLIHSLIEESQNQQEKNEQELLELDKWA,17.58777162,0.023
MDVNPYLLFLKVPAQ,17.63222338,0.022
WDREINNYTSLIHSLIEESQNQQEKNEQELLELDKW,17.63222338,0.022
MTWMAWDRAIANYAALIHALIEAAQNQQEKNEAALLEL,17.63222338,0.022
GELGRLVYLLDGPGYDPIHCSLAYGDASTLVVF,17.6787434,0.021
ISLERLDVGTNLGNAIAKLEDAKELLESSDQILRSM,17.72753356,0.02
QLQKWEDWVRWI,17.72753356,0.02
VWGIKQLQARILAVERYLKDQQLLGIWG,17.72753356,0.02
YTSLIHSLIEENQNQQEKNEQELLELDKWASLWNWF,17.77882686,0.019
YTSLIHSLIEESQNQQEKNEQELLELDKWASLWNSF,17.83289408,0.018
RQLLSQIVQQQNNLLRAIEAQQHLLQLT,17.95067711,0.016
NNMTWMEWDREINNYTSLIHSLIEESQNQQEKNEQE,17.95067711,0.016
IDISIELNKAKSDLEESKEWIRRSNQKLDSIGNWH,18.01521564,0.015
YTSLIHSLIEESQNQQEKNQQELLQLDKWASLWNWF,18.01521564,0.015
TTWEAWDRAIAEYAARIEALIRALQELQEKNEAALREL,18.08420851,0.014
MNINPTLLFLKVPAQ,18.15831648,0.013
KVDISSQISSMNQSLQQSKDYIKEAQRLLDTVNPSL,18.15831648,0.013
QLQKWEDWVRWIGNIPQYLKG,18.15831648,0.013
TTWEAWDRAIAEYAARIEALIRAAQEQQEKLEAVLREL,18.15831648,0.013
EWDREINNYTSLIHSLIEESQNQQEKNEQELLELDK,18.23835919,0.012
YTSLIHSLIEESQNQQEKNEQELLELDKWASLWNAF,18.23835919,0.012
TTWEAWDRAIAEYAARIEALIRAAQEQQEKLEAALREL,18.23835919,0.012
GELGRLVYLLDGPGYDPIHCDVVTRGGSHLFNF,18.32537056,0.011
TWMEWDREINNYTSLIHSLIEESQNQQEKNEQELLE,18.32537056,0.011
TTWEAWDRAIAEYAARIEALIRALQEQQEKNEAILREL,18.32537056,0.011
MEWDREINNYTSLIHSLIEESQNQQEKNEQELLELD,18.42068074,0.01
MTWMEWDREINNYTSLIHSLIEESQNQQEKNEQELL,18.52604126,0.009
YTSLIHSLIEEFQNQQEKNEQELLELDKWASLWNWF,18.52604126,0.009
YTSLIHSLIEESQNQQEKLEQELLELDKWASLWNWF,18.52604126,0.009
TTWEAWDRAIAEYAARIEALIRALQEQQEKNEAALREL,18.52604126,0.009
VALDPIDISIELNKAKSDLEESKEWIRRSNQKLDSI,18.6438243,0.008
MTWMEWDREINNYTSLIHSLIEESQNQQEKNEQELLEL,18.6438243,0.008
MNINPTLLFLKVPIQ,18.77735569,0.007
YTSLIHSLIEESQNQQEKNEQELLELNKWASLWNWF,18.77735569,0.007
MTWEAWDRAIAEYAARIEALIRAAQEQQEKNEAALREL,18.77735569,0.007
YTSLIHSLIQESQNQQEKNEQELLELDKWASLWNWF,18.93150637,0.006
TTWEAWDRAIAEYAARIEALIRAAQELQEKNEAALREL,18.93150637,0.006
TTWEAWDRAIAEYAARIEALIRAAQEQQEKNEAILREL,18.93150637,0.006
ISGINASVVNIQKEIDRLNEVAKNLNESLIDLQEL,19.11382792,0.005
YTSLIHSLIEQSQNQQEKNEQELLELDKWASLWNWF,19.11382792,0.005
TTWEAWDRAIAEYAARIEALIRAAQEQQEKNEAALREL,19.11382792,0.005
TTWEEWDREINEYTSRIESLIRESQEQQEKNEQELREL,19.11382792,0.005
ISGINASVVNIQEEIKKLNEEAKKLNESLIDLQEL,19.33697148,0.004
NYTSLIHSLIEESQNQQEKNEQELLELDKWASLWNW,19.33697148,0.004
YTSLIHSLIEESQNQQEKNEQELLELDKWASPWNWF,19.33697148,0.004
MDVNPFLLFLKVPAQ,19.62465355,0.003
MDVNPWLLFLKVPAQ,19.62465355,0.003
WMEWDREINNYTSLIHSLIEETQNQQEKNEQELL,19.62465355,0.003
LIHSLIEESQNQQEKNEQELLELDKWASLWNWFNIT,19.62465355,0.003
YTSLIHSLIEESQNQQEKNEQELLQLDKWASLWNWF,19.62465355,0.003
TTWEAWDRAIAEYAARIEALIRASQEQQEKNEAELREL,19.62465355,0.003
WMEWDREINNYTSLIHSLIEEAQNQQEKNEQELL,20.03011866,0.002
WMEWDREINNYTSLIHSLIEELQNQQEKNEQELL,20.03011866,0.002
WMEWDREINNYTSLIHSLIEESQNQQEKNEQELLEL,20.03011866,0.002
WEEWDKKIEEYTKKIEELIKKSEEQQKN,20.03011866,0.002
HCSLAYGDASTLVVF,20.72326584,0.001
HCIYATTNDALIFSV,20.72326584,0.001
GELGRIPSDTYDLAVGALHCPFYLVSGLVYLDG,20.72326584,0.001
GELDELVYLLDGPGYDPIHCDVVTRGGSRLFNF,20.72326584,0.001
NMTWMEWDREINNYTSLIHSLIEESQNQQEKNEQEL,20.72326584,0.001
QIWNNMTWMEWDREINNYTSLIHSLIEESQNQQEKN,20.72326584,0.001
SLIHSLIEESQNQQEKNEQELLELDKWASLWNWFNI,20.72326584,0.001
YTSLIHSLIEEGQNQQEKNEQELLELDKWASLWNWF,20.72326584,0.001
YTSLIQSLIEESQNQQEKNEQQLLELDKWASLWNWF,20.72326584,0.001
ANVVATYPAHS,12.20607265,5
WLVFFVIAYFAR,20.8625279,0.00087
SVVPSKATWGFA,11.33060391,12
WLVFFVIFYFFRRRKK,24.22982373,3.00E-05
RRKKWLVFFVIFYFFR,23.94214166,4.00E-05
KWLCRIWSWISDVLDDFE,14.50865774,0.5
SWLWEVWDWVLHVLSDFK,11.86960041,7
TWLRAIWDWVCTALTDFK,11.85541577,7.1
SWLRDVWDWVCTVLSDFK,12.56274759,3.5
GAIVSTALPQWRIYSYAG,10.64582498,23.8
AGDDQGLDKCVPNSKEK,26.3226883,3.70E-06
SWLRDIWDWLCELLSDFK,14.0139615,0.82
KKKKFVKKVAKKVKKVAKKVAKVAVAV,12.71689827,3
KRKRFAKKFLRFLRKVIRFLKRFIRRF,12.5098841,3.69
VVTTRLFMSLVASVRNAFQSGYISFDEIIKTE,11.73606902,8
FAVAVKAVAVKAVAVKAVKKAVKKVKKAVKKAVKKKK,14.10319263,0.75
NFYDPLVFPSDEFDASISQVNEKINQSLASIRKSDELLHNVNAGK,12.74050813,2.93
QKQIANQFNKAISQIQESLTTTSTALGKLQDVVNQNAQALNTLVKQ,12.43674446,3.97
QNQSANQFQKEISQINEVLTTTNTSLGKLQDDVNQNNQSLNTLQKE,12.19216974,5.07
GRRRRSVQWCAVSQPEATKCFQWQRNMRKVRGPPVSCIKRDSPIQCIQA,11.04292184,16
AVSKVLHLEGEVNKISALLSTNKAVVSLSNGVSVLTSKVLDLDNYIDKQLLPIVNK,13.29671676,1.68
PKEELDKYFKNHTSPDVDLGDISGINASVVNIQKEIDRLNEVAKNLNESLIDLQELGKYE,10.63745673,24
EELRVRLASHLRKLRKRLLRDADDLQKRLAVYEEQAQQIRLQAEAFQARLKSWFEPLVEDM,14.21598812,0.67
SLDQINVTFLDLEYEMKKLEEAIKKLEESYIDLKEL,20.46090157,0.0013
NGAICWGPCPTAFRQIGNCGHFKVRCCKIR,15.97703021,0.11515
CFPYITRPGTYHDWWYTRKNRQ,15.01948336,0.3
YTSLIHSLIEESQNQQEKNEQELLELDKWASLWNWF,18.29757855,0.01131
GTNLSVPNPLGFFPDHQLDPAFGANSNNPDWDFNPNKDHWPEANKVG,23.24899448,8.00E-05
SWETWEREIENYTRQIYRILEESQEQQDRNERDLLE,20.03011866,0.002