Amino-acid name,3-letter-code,1-letter-code,z1,z2,z3,z4,z5
Alanine,Ala,A,0.24,-2.32,0.6,-0.14,1.3
Arginine,Arg,R,3.52,2.5,-3.5,1.99,-0.17
Asparagine,Asn,N,3.05,1.62,1.04,-1.15,1.61
Aspartate,Asp,D,3.98,0.93,1.93,-2.46,0.75
Cysteine,Cys,C,0.84,-1.67,3.71,0.18,-2.65
Glutamate,Glu,E,3.11,0.26,-0.11,-3.04,-0.25
Glutamine,Gln,Q,1.75,0.5,-1.44,-1.34,0.66
Glycine,Gly,G,2.05,-4.06,0.36,-0.82,-0.38
Histidine,His,H,2.47,1.95,0.26,3.9,0.09
Isoleucine,Ile,I,-3.89,-1.73,-1.71,-0.84,0.26
Leucine,Leu,L,-4.28,-1.3,-1.49,-0.72,0.84
Lysine,Lys,K,2.29,0.89,-2.49,1.49,0.31
Methionine,Met,M,-2.85,-0.22,0.47,1.94,-0.98
Phenylalanine,Phe,F,-4.22,1.94,1.06,0.54,-0.62
Proline,Pro,P,-1.66,0.27,1.84,0.7,2
Serine,Ser,S,2.39,-1.07,1.15,-1.39,0.67
Threonine,Thr,T,0.75,-2.18,-1.12,-1.46,-0.4
Tryptophan,Trp,W,-4.36,3.94,0.59,3.44,-1.59
Tyrosine,Tyr,Y,-2.54,2.44,0.43,0.04,-1.47
Valine,Val,V,-2.59,-2.64,-1.54,-0.85,-0.02